[2026-05-26 21:28:40] Registration attempt with data: {"event_id":1,"name":"Test","email":"test@test.com","phone":"123","address":"addr","institute":"inst","gender":"M","academic_year":"1yr","experience":"B"}
[2026-05-26 21:28:40] Registration: Processing event_id=1
[2026-05-26 21:28:40] Registration: Event not found - event_id=1
[2026-05-26 21:28:55] Registration attempt with data: {"event_id":6,"name":"Sumaiya Afrin Eva","email":"testuser@example.com","phone":"01869098403","address":"Dhaka","institute":"KUET","gender":"Female","academic_year":"3rd Year","experience":"Beginner"}
[2026-05-26 21:28:55] Registration: Processing event_id=6
[2026-05-26 21:28:55] Registration: Event found - Advanced Photography Techniques (registered: 0/40)
[2026-05-26 21:29:03] Registration attempt with data: {"event_id":6,"name":"Test User","email":"testuser2@example.com","phone":"01869098403","address":"Dhaka","institute":"KUET","gender":"Female","academic_year":"3rd Year","experience":"Beginner"}
[2026-05-26 21:29:03] Registration: Processing event_id=6
[2026-05-26 21:29:03] Registration: Event found - Advanced Photography Techniques (registered: 0/40)
[2026-05-26 21:29:31] Registration attempt with data: {"event_id":6,"name":"Test User","email":"testuser3@example.com","phone":"01869098403","address":"Dhaka","institute":"KUET","gender":"Female","academic_year":"3rd Year","experience":"Beginner"}
[2026-05-26 21:29:31] Registration: Processing event_id=6
[2026-05-26 21:29:31] Registration: Event found - Advanced Photography Techniques (registered: 0/40)
[2026-05-26 21:29:31] Registration: Creating new user - email=testuser3@example.com
[2026-05-26 21:29:40] Registration attempt with data: {"event_id":6,"name":"Test User","email":"testuser4@example.com","phone":"01869098403","address":"Dhaka","institute":"KUET","gender":"Female","academic_year":"3rd Year","experience":"Beginner"}
[2026-05-26 21:29:40] Registration: Processing event_id=6
[2026-05-26 21:29:40] Registration: Event found - Advanced Photography Techniques (registered: 0/40)
[2026-05-26 21:29:40] Registration: Creating new user - email=testuser4@example.com
[2026-05-26 21:30:03] Registration attempt with data: {"event_id":6,"name":"Test User","email":"testuser5@example.com","phone":"01869098403","address":"Dhaka","institute":"KUET","gender":"Female","academic_year":"3rd Year","experience":"Beginner"}
[2026-05-26 21:30:03] Registration: Processing event_id=6
[2026-05-26 21:30:03] Registration: Event found - Advanced Photography Techniques (registered: 0/40)
[2026-05-26 21:30:03] Registration: Creating new user - email=testuser5@example.com
[2026-05-26 21:30:03] Registration: User created with id=2
[2026-05-26 21:30:03] Registration: Creating registration for user_id=2, event_id=6
[2026-05-26 21:30:03] Registration: Success - registration_id=1
[2026-05-26 21:32:31] Registration attempt with data: {"event_id":6,"name":"Sumaiya Afrin Eva","email":"afrineva013@gmail.com","phone":"01869098403","address":"Bangla Motor, Dhaka","institute":"KUET","gender":"Female","academic_year":"3rd","experience":"Beginner"}
[2026-05-26 21:32:31] Registration: Processing event_id=6
[2026-05-26 21:32:31] Registration: Event found - Advanced Photography Techniques (registered: 1/40)
[2026-05-26 21:32:31] Registration: Creating new user - email=afrineva013@gmail.com
[2026-05-26 21:32:31] Registration: User created with id=3
[2026-05-26 21:32:31] Registration: Creating registration for user_id=3, event_id=6
[2026-05-26 21:32:31] Registration: Success - registration_id=2
[2026-05-26 21:33:52] Registration attempt with data: {"event_id":7,"name":"Aamrin Falaq","email":"aamrinfalaq@gmail.com","phone":"01972536850","address":"Rayerbag, Dhaka","institute":"BUET","gender":"Female","academic_year":"2nd","experience":"Beginner"}
[2026-05-26 21:33:52] Registration: Processing event_id=7
[2026-05-26 21:33:52] Registration: Event found - Photo Walk (registered: 0/20)
[2026-05-26 21:33:52] Registration: Creating new user - email=aamrinfalaq@gmail.com
[2026-05-26 21:33:52] Registration: User created with id=4
[2026-05-26 21:33:52] Registration: Creating registration for user_id=4, event_id=7
[2026-05-26 21:33:52] Registration: Success - registration_id=3
[2026-05-29 08:46:55] Comment attempt with data: {"event_id":8,"name":"Falaq","comment":"Excited for this event \ud83e\udd29"}
[2026-05-29 08:46:55] Comment: Processing for event - Photography Competition
[2026-05-29 08:46:55] Comment: Creating guest user - name=Falaq
[2026-05-29 08:46:55] Comment: User created with id=5
[2026-05-29 08:46:55] Comment: Creating comment for user_id=5, event_id=8
[2026-05-29 08:46:55] Comment: Success - comment_id=1
[2026-06-01 18:18:18] Comment attempt with data: {"event_id":6,"name":"xyz","comment":"Excellent!"}
[2026-06-01 18:18:18] Comment: Processing for event - Advanced Photography Techniques
[2026-06-01 18:18:18] Comment: Creating guest user - name=xyz
[2026-06-01 18:18:24] Comment attempt with data: {"event_id":6,"name":"xyz","comment":"Excellent!"}
[2026-06-01 18:18:24] Comment: Processing for event - Advanced Photography Techniques
[2026-06-01 18:18:24] Comment: Creating guest user - name=xyz
[2026-06-01 18:20:00] Comment attempt with data: {"event_id":6,"name":"Test Commenter","comment":"This is a test comment"}
[2026-06-01 18:20:00] Comment: Processing for event - Advanced Photography Techniques
[2026-06-01 18:20:00] Comment: Creating guest user - name=Test Commenter
[2026-06-01 18:20:19] Comment attempt with data: {"event_id":6,"name":"Test User","comment":"Test"}
[2026-06-01 18:20:19] Comment: Processing for event - Advanced Photography Techniques
[2026-06-01 18:20:19] Comment: Using existing user - user_id=2
[2026-06-01 18:20:19] Comment: Creating comment for user_id=2, event_id=6
[2026-06-01 18:20:19] Comment: Success - comment_id=2
[2026-06-01 18:22:31] Comment attempt with data: {"event_id":6,"name":"xyz","comment":"Wowww!"}
[2026-06-01 18:22:31] Comment: Processing for event - Advanced Photography Techniques
[2026-06-01 18:22:31] Comment: Creating guest user - name=xyz
[2026-06-01 18:24:18] Comment attempt with data: {"event_id":6,"name":"NewUser1","comment":"Test comment"}
[2026-06-01 18:24:18] Comment: Processing for event - Advanced Photography Techniques
[2026-06-01 18:24:18] Comment: Creating guest user - name=NewUser1
[2026-06-01 18:25:24] Comment attempt with data: {"event_id":6,"name":"xyz","comment":"Wowww!"}
[2026-06-01 18:25:24] Comment: Processing for event - Advanced Photography Techniques
[2026-06-01 18:25:24] Comment: Creating guest user - name=xyz
[2026-06-01 18:25:24] Comment: User created with id=6
[2026-06-01 18:25:24] Comment: Creating comment for user_id=6, event_id=6
[2026-06-01 18:25:24] Comment: Success - comment_id=3
[2026-06-01 18:26:12] Comment attempt with data: {"event_id":6,"name":"abc","comment":"beautiful!"}
[2026-06-01 18:26:12] Comment: Processing for event - Advanced Photography Techniques
[2026-06-01 18:26:12] Comment: Creating guest user - name=abc
[2026-06-01 18:26:13] Comment: User created with id=7
[2026-06-01 18:26:13] Comment: Creating comment for user_id=7, event_id=6
[2026-06-01 18:26:13] Comment: Success - comment_id=4
[2026-06-04 17:04:27] Registration attempt with data: {"event_id":8,"name":"Sumaiya Afrin Eva","email":"afrineva013@gmail.com","phone":"018*********","address":"Bangla Motor, Dhaka.","institute":"KUET","gender":"Female","academic_year":"3rd","experience":"Beginner"}
[2026-06-04 17:04:27] Registration: Processing event_id=8
[2026-06-04 17:04:27] Registration: Event found - Photography Competition (registered: 0/50)
[2026-06-04 17:04:27] Registration: Using existing user - user_id=9
[2026-06-04 17:04:27] Registration: Creating registration for user_id=9, event_id=8
[2026-06-04 17:04:27] Registration: Success - registration_id=4
[2026-06-06 12:40:41] Comment attempt with data: {"event_id":8,"name":"Test User","comment":"Excellent!"}
[2026-06-06 12:40:41] Comment: Processing for event - Photography Competition
[2026-06-06 12:40:41] Comment: Creating guest user - name=Test User
[2026-06-06 12:40:41] Comment: User created with id=10
[2026-06-06 12:40:41] Comment: Creating comment for user_id=10, event_id=8
[2026-06-06 12:40:41] Comment: Success - comment_id=5
[06-Jun-2026 13:16:09 Europe/Berlin] PHP Notice:  session_start(): Ignoring session_start() because a session is already active in /Applications/XAMPP/xamppfiles/htdocs/Club_Portfolio/api/db_functions.php on line 528
[06-Jun-2026 13:16:33 Europe/Berlin] PHP Notice:  session_start(): Ignoring session_start() because a session is already active in /Applications/XAMPP/xamppfiles/htdocs/Club_Portfolio/api/db_functions.php on line 528
[06-Jun-2026 13:16:59 Europe/Berlin] PHP Notice:  session_start(): Ignoring session_start() because a session is already active in /Applications/XAMPP/xamppfiles/htdocs/Club_Portfolio/api/db_functions.php on line 528
[06-Jun-2026 13:17:07 Europe/Berlin] PHP Notice:  session_start(): Ignoring session_start() because a session is already active in /Applications/XAMPP/xamppfiles/htdocs/Club_Portfolio/api/db_functions.php on line 528
[06-Jun-2026 13:19:37 Europe/Berlin] PHP Notice:  session_start(): Ignoring session_start() because a session is already active in /Applications/XAMPP/xamppfiles/htdocs/Club_Portfolio/api/db_functions.php on line 528
[06-Jun-2026 13:20:46 Europe/Berlin] PHP Notice:  session_start(): Ignoring session_start() because a session is already active in /Applications/XAMPP/xamppfiles/htdocs/Club_Portfolio/api/db_functions.php on line 528
[06-Jun-2026 13:20:58 Europe/Berlin] PHP Notice:  session_start(): Ignoring session_start() because a session is already active in /Applications/XAMPP/xamppfiles/htdocs/Club_Portfolio/api/db_functions.php on line 528
[06-Jun-2026 13:21:02 Europe/Berlin] PHP Notice:  session_start(): Ignoring session_start() because a session is already active in /Applications/XAMPP/xamppfiles/htdocs/Club_Portfolio/api/db_functions.php on line 528
[06-Jun-2026 13:38:57 Europe/Berlin] PHP Notice:  session_start(): Ignoring session_start() because a session is already active in /Applications/XAMPP/xamppfiles/htdocs/Club_Portfolio/api/db_functions.php on line 570
[06-Jun-2026 13:39:45 Europe/Berlin] PHP Notice:  session_start(): Ignoring session_start() because a session is already active in /Applications/XAMPP/xamppfiles/htdocs/Club_Portfolio/api/db_functions.php on line 570
[06-Jun-2026 13:46:26 Europe/Berlin] PHP Notice:  session_start(): Ignoring session_start() because a session is already active in /Applications/XAMPP/xamppfiles/htdocs/Club_Portfolio/api/db_functions.php on line 570
[06-Jun-2026 13:46:45 Europe/Berlin] PHP Notice:  session_start(): Ignoring session_start() because a session is already active in /Applications/XAMPP/xamppfiles/htdocs/Club_Portfolio/api/db_functions.php on line 570
[06-Jun-2026 13:46:55 Europe/Berlin] PHP Notice:  session_start(): Ignoring session_start() because a session is already active in /Applications/XAMPP/xamppfiles/htdocs/Club_Portfolio/api/db_functions.php on line 570
[06-Jun-2026 13:50:51 Europe/Berlin] PHP Notice:  session_start(): Ignoring session_start() because a session is already active in /Applications/XAMPP/xamppfiles/htdocs/Club_Portfolio/api/db_functions.php on line 570
[06-Jun-2026 13:50:55 Europe/Berlin] PHP Notice:  session_start(): Ignoring session_start() because a session is already active in /Applications/XAMPP/xamppfiles/htdocs/Club_Portfolio/api/db_functions.php on line 570
[06-Jun-2026 13:57:46 Europe/Berlin] PHP Fatal error:  Uncaught mysqli_sql_exception: Incorrect time value: '' for column `club_portfolio`.`events`.`end_time` at row 1 in /Applications/XAMPP/xamppfiles/htdocs/Club_Portfolio/api/db_config.php:134
Stack trace:
#0 /Applications/XAMPP/xamppfiles/htdocs/Club_Portfolio/api/db_config.php(134): mysqli_stmt->execute()
#1 /Applications/XAMPP/xamppfiles/htdocs/Club_Portfolio/api/db_functions.php(138): db_insert('INSERT INTO eve...', Array)
#2 /Applications/XAMPP/xamppfiles/htdocs/Club_Portfolio/api/admin_events.php(53): create_event(Array)
#3 {main}
  thrown in /Applications/XAMPP/xamppfiles/htdocs/Club_Portfolio/api/db_config.php on line 134
[06-Jun-2026 13:59:02 Europe/Berlin] PHP Fatal error:  Uncaught mysqli_sql_exception: Incorrect time value: '' for column `club_portfolio`.`events`.`end_time` at row 1 in /Applications/XAMPP/xamppfiles/htdocs/Club_Portfolio/api/db_config.php:134
Stack trace:
#0 /Applications/XAMPP/xamppfiles/htdocs/Club_Portfolio/api/db_config.php(134): mysqli_stmt->execute()
#1 /Applications/XAMPP/xamppfiles/htdocs/Club_Portfolio/api/db_functions.php(138): db_insert('INSERT INTO eve...', Array)
#2 /Applications/XAMPP/xamppfiles/htdocs/Club_Portfolio/api/admin_events.php(53): create_event(Array)
#3 {main}
  thrown in /Applications/XAMPP/xamppfiles/htdocs/Club_Portfolio/api/db_config.php on line 134
[06-Jun-2026 14:00:36 Europe/Berlin] PHP Fatal error:  Uncaught mysqli_sql_exception: Incorrect time value: '' for column `club_portfolio`.`events`.`end_time` at row 1 in /Applications/XAMPP/xamppfiles/htdocs/Club_Portfolio/api/db_config.php:134
Stack trace:
#0 /Applications/XAMPP/xamppfiles/htdocs/Club_Portfolio/api/db_config.php(134): mysqli_stmt->execute()
#1 /Applications/XAMPP/xamppfiles/htdocs/Club_Portfolio/api/db_functions.php(138): db_insert('INSERT INTO eve...', Array)
#2 /Applications/XAMPP/xamppfiles/htdocs/Club_Portfolio/api/admin_events.php(53): create_event(Array)
#3 {main}
  thrown in /Applications/XAMPP/xamppfiles/htdocs/Club_Portfolio/api/db_config.php on line 134
[06-Jun-2026 14:02:38 Europe/Berlin] PHP Fatal error:  Uncaught mysqli_sql_exception: Incorrect time value: '' for column `club_portfolio`.`events`.`end_time` at row 1 in /Applications/XAMPP/xamppfiles/htdocs/Club_Portfolio/api/db_config.php:134
Stack trace:
#0 /Applications/XAMPP/xamppfiles/htdocs/Club_Portfolio/api/db_config.php(134): mysqli_stmt->execute()
#1 /Applications/XAMPP/xamppfiles/htdocs/Club_Portfolio/api/db_functions.php(138): db_insert('INSERT INTO eve...', Array)
#2 /Applications/XAMPP/xamppfiles/htdocs/Club_Portfolio/api/admin_events.php(53): create_event(Array)
#3 {main}
  thrown in /Applications/XAMPP/xamppfiles/htdocs/Club_Portfolio/api/db_config.php on line 134
[06-Jun-2026 14:04:04 Europe/Berlin] PHP Fatal error:  Uncaught mysqli_sql_exception: Incorrect time value: '' for column `club_portfolio`.`events`.`end_time` at row 1 in /Applications/XAMPP/xamppfiles/htdocs/Club_Portfolio/api/db_config.php:134
Stack trace:
#0 /Applications/XAMPP/xamppfiles/htdocs/Club_Portfolio/api/db_config.php(134): mysqli_stmt->execute()
#1 /Applications/XAMPP/xamppfiles/htdocs/Club_Portfolio/api/db_functions.php(138): db_insert('INSERT INTO eve...', Array)
#2 /Applications/XAMPP/xamppfiles/htdocs/Club_Portfolio/api/admin_events.php(53): create_event(Array)
#3 {main}
  thrown in /Applications/XAMPP/xamppfiles/htdocs/Club_Portfolio/api/db_config.php on line 134
[06-Jun-2026 14:05:17 Europe/Berlin] PHP Fatal error:  Uncaught mysqli_sql_exception: Incorrect time value: '' for column `club_portfolio`.`events`.`end_time` at row 1 in /Applications/XAMPP/xamppfiles/htdocs/Club_Portfolio/api/db_config.php:134
Stack trace:
#0 /Applications/XAMPP/xamppfiles/htdocs/Club_Portfolio/api/db_config.php(134): mysqli_stmt->execute()
#1 /Applications/XAMPP/xamppfiles/htdocs/Club_Portfolio/api/db_functions.php(138): db_insert('INSERT INTO eve...', Array)
#2 /Applications/XAMPP/xamppfiles/htdocs/Club_Portfolio/api/admin_events.php(52): create_event(Array)
#3 {main}
  thrown in /Applications/XAMPP/xamppfiles/htdocs/Club_Portfolio/api/db_config.php on line 134
[06-Jun-2026 14:07:52 Europe/Berlin] PHP Fatal error:  Uncaught mysqli_sql_exception: Incorrect time value: '' for column `club_portfolio`.`events`.`end_time` at row 1 in /Applications/XAMPP/xamppfiles/htdocs/Club_Portfolio/api/db_config.php:134
Stack trace:
#0 /Applications/XAMPP/xamppfiles/htdocs/Club_Portfolio/api/db_config.php(134): mysqli_stmt->execute()
#1 /Applications/XAMPP/xamppfiles/htdocs/Club_Portfolio/api/db_functions.php(138): db_insert('INSERT INTO eve...', Array)
#2 /Applications/XAMPP/xamppfiles/htdocs/Club_Portfolio/api/admin_events.php(52): create_event(Array)
#3 {main}
  thrown in /Applications/XAMPP/xamppfiles/htdocs/Club_Portfolio/api/db_config.php on line 134
[06-Jun-2026 14:08:37 Europe/Berlin] Event creation error: Incorrect time value: '' for column `club_portfolio`.`events`.`end_time` at row 1
[2026-06-06 14:15:05] Comment attempt with data: {"event_id":10,"name":"dfghj","comment":"dghj"}
[2026-06-06 14:15:05] Comment: Event not found - event_id=10
[2026-06-06 14:15:26] Comment attempt with data: {"event_id":11,"name":"cvbnm","comment":"vbnm"}
[2026-06-06 14:15:26] Comment: Processing for event - Admin Dashboard Test Event
[2026-06-06 14:15:26] Comment: Creating guest user - name=cvbnm
[2026-06-06 14:15:26] Comment: User created with id=16
[2026-06-06 14:15:26] Comment: Creating comment for user_id=16, event_id=11
[2026-06-06 14:15:26] Comment: Success - comment_id=6
[06-Jun-2026 17:35:21 Europe/Berlin] PHP Fatal error:  Uncaught mysqli_sql_exception: Table 'club_portfolio.event_participants' doesn't exist in /Applications/XAMPP/xamppfiles/htdocs/Club_Portfolio/api/db_config.php:65
Stack trace:
#0 /Applications/XAMPP/xamppfiles/htdocs/Club_Portfolio/api/db_config.php(65): mysqli->prepare('SELECT (SELECT ...')
#1 /Applications/XAMPP/xamppfiles/htdocs/Club_Portfolio/api/db_config.php(195): db_select('SELECT (SELECT ...', Array)
#2 /Applications/XAMPP/xamppfiles/htdocs/Club_Portfolio/api/db_functions.php(39): db_fetch_one('SELECT (SELECT ...', Array)
#3 /Applications/XAMPP/xamppfiles/htdocs/Club_Portfolio/api/admin_events.php(24): get_all_events(NULL)
#4 {main}
  thrown in /Applications/XAMPP/xamppfiles/htdocs/Club_Portfolio/api/db_config.php on line 65
[06-Jun-2026 17:35:22 Europe/Berlin] PHP Fatal error:  Uncaught mysqli_sql_exception: Table 'club_portfolio.event_participants' doesn't exist in /Applications/XAMPP/xamppfiles/htdocs/Club_Portfolio/api/db_config.php:65
Stack trace:
#0 /Applications/XAMPP/xamppfiles/htdocs/Club_Portfolio/api/db_config.php(65): mysqli->prepare('SELECT (SELECT ...')
#1 /Applications/XAMPP/xamppfiles/htdocs/Club_Portfolio/api/db_config.php(195): db_select('SELECT (SELECT ...', Array)
#2 /Applications/XAMPP/xamppfiles/htdocs/Club_Portfolio/api/db_functions.php(39): db_fetch_one('SELECT (SELECT ...', Array)
#3 /Applications/XAMPP/xamppfiles/htdocs/Club_Portfolio/api/admin_events.php(24): get_all_events(NULL)
#4 {main}
  thrown in /Applications/XAMPP/xamppfiles/htdocs/Club_Portfolio/api/db_config.php on line 65
[06-Jun-2026 17:35:23 Europe/Berlin] PHP Fatal error:  Uncaught mysqli_sql_exception: Table 'club_portfolio.event_participants' doesn't exist in /Applications/XAMPP/xamppfiles/htdocs/Club_Portfolio/api/db_config.php:65
Stack trace:
#0 /Applications/XAMPP/xamppfiles/htdocs/Club_Portfolio/api/db_config.php(65): mysqli->prepare('SELECT (SELECT ...')
#1 /Applications/XAMPP/xamppfiles/htdocs/Club_Portfolio/api/db_config.php(195): db_select('SELECT (SELECT ...', Array)
#2 /Applications/XAMPP/xamppfiles/htdocs/Club_Portfolio/api/db_functions.php(39): db_fetch_one('SELECT (SELECT ...', Array)
#3 /Applications/XAMPP/xamppfiles/htdocs/Club_Portfolio/api/admin_events.php(24): get_all_events(NULL)
#4 {main}
  thrown in /Applications/XAMPP/xamppfiles/htdocs/Club_Portfolio/api/db_config.php on line 65
[06-Jun-2026 17:35:26 Europe/Berlin] PHP Fatal error:  Uncaught mysqli_sql_exception: Table 'club_portfolio.event_participants' doesn't exist in /Applications/XAMPP/xamppfiles/htdocs/Club_Portfolio/api/db_config.php:65
Stack trace:
#0 /Applications/XAMPP/xamppfiles/htdocs/Club_Portfolio/api/db_config.php(65): mysqli->prepare('SELECT (SELECT ...')
#1 /Applications/XAMPP/xamppfiles/htdocs/Club_Portfolio/api/db_config.php(195): db_select('SELECT (SELECT ...', Array)
#2 /Applications/XAMPP/xamppfiles/htdocs/Club_Portfolio/api/db_functions.php(39): db_fetch_one('SELECT (SELECT ...', Array)
#3 /Applications/XAMPP/xamppfiles/htdocs/Club_Portfolio/api/admin_events.php(24): get_all_events(NULL)
#4 {main}
  thrown in /Applications/XAMPP/xamppfiles/htdocs/Club_Portfolio/api/db_config.php on line 65
[2026-06-06 17:38:00] Registration attempt with data: {"event_id":8,"name":"Test Participant","email":"participant@test.com","phone":"01712345678","address":"123 Test Street","institute":"Test University","gender":"Female","academic_year":"2nd","experience":"Intermediate"}
[2026-06-06 17:38:00] Registration: Processing event_id=8
[2026-06-06 17:38:00] Registration: Event found - Photography Competition (registered: 0/50)
[2026-06-06 17:38:00] Registration: Creating event participant record - email=participant@test.com
[2026-06-06 17:38:00] Registration: Participant registered with id=1
[2026-06-06 17:38:00] Registration: User logged in, creating registration record - user_id=1
[2026-06-06 17:38:00] Registration: Success - participant_id=1
[2026-06-06 17:40:38] Registration attempt with data: {"event_id":8,"name":"Sumaiya Afrin Eva","email":"afrineva013@gmail.com","phone":"01869098403","address":"123 Park Street","institute":"KUET","gender":"Female","academic_year":"3rd","experience":"Beginner"}
[2026-06-06 17:40:38] Registration: Processing event_id=8
[2026-06-06 17:40:38] Registration: Event found - Photography Competition (registered: 2/50)
[2026-06-06 17:40:38] Registration: Creating event participant record - email=afrineva013@gmail.com
[2026-06-06 17:40:38] Registration: Participant registered with id=2
[2026-06-06 17:40:38] Registration: User logged in, creating registration record - user_id=1
[06-Jun-2026 17:40:39 Europe/Berlin] PHP Fatal error:  Uncaught mysqli_sql_exception: Duplicate entry '8-1' for key 'unique_registration' in /Applications/XAMPP/xamppfiles/htdocs/Club_Portfolio/api/db_config.php:134
Stack trace:
#0 /Applications/XAMPP/xamppfiles/htdocs/Club_Portfolio/api/db_config.php(134): mysqli_stmt->execute()
#1 /Applications/XAMPP/xamppfiles/htdocs/Club_Portfolio/api/events.php(189): db_insert('INSERT INTO reg...', Array)
#2 {main}
  thrown in /Applications/XAMPP/xamppfiles/htdocs/Club_Portfolio/api/db_config.php on line 134
[2026-06-06 17:40:47] Registration attempt with data: {"event_id":8,"name":"Sumaiya Afrin Eva","email":"afrineva013@gmail.com","phone":"01869098403","address":"123 Park Street","institute":"KUET","gender":"Female","academic_year":"3rd","experience":"Beginner"}
[2026-06-06 17:40:47] Registration: Processing event_id=8
[2026-06-06 17:40:47] Registration: Event found - Photography Competition (registered: 3/50)
[2026-06-06 17:40:47] Registration: Already registered - email=afrineva013@gmail.com
[2026-06-06 17:42:25] Registration attempt with data: {"event_id":8,"name":"Sumaiya Afrin Eva","email":"afrineva013@gmail.com","phone":"01869098403","address":"123 Park Street","institute":"KUET","gender":"Female","academic_year":"3rd","experience":"Beginner"}
[2026-06-06 17:42:25] Registration: Processing event_id=8
[2026-06-06 17:42:25] Registration: Event found - Photography Competition (registered: 3/50)
[2026-06-06 17:42:25] Registration: Already registered - email=afrineva013@gmail.com
[2026-06-06 17:43:08] Registration attempt with data: {"event_id":8,"name":"Sumaiya Afrin Eva","email":"afrineva013@gmail.com","phone":"1234567890","address":"123 Park Street","institute":"Kuet","gender":"Female","academic_year":"3rd","experience":"Beginner"}
[2026-06-06 17:43:08] Registration: Processing event_id=8
[2026-06-06 17:43:08] Registration: Event found - Photography Competition (registered: 3/50)
[2026-06-06 17:43:08] Registration: Already registered - email=afrineva013@gmail.com
[2026-06-06 17:46:20] Registration attempt with data: {"event_id":8,"name":"Aamrin Falaq","email":"aamrin@gmail.com","phone":"01378945702","address":"12\/A Indira Road","institute":"BUET","gender":"Female","academic_year":"2nd","experience":"Intermediate"}
[2026-06-06 17:46:20] Registration: Processing event_id=8
[2026-06-06 17:46:20] Registration: Event found - Photography Competition (registered: 3/50)
[2026-06-06 17:46:20] Registration: Creating event participant record - email=aamrin@gmail.com
[2026-06-06 17:46:20] Registration: Participant registered with id=3
[2026-06-06 17:46:20] Registration: User logged in, creating registration record - user_id=1
[06-Jun-2026 17:46:20 Europe/Berlin] PHP Fatal error:  Uncaught mysqli_sql_exception: Duplicate entry '8-1' for key 'unique_registration' in /Applications/XAMPP/xamppfiles/htdocs/Club_Portfolio/api/db_config.php:134
Stack trace:
#0 /Applications/XAMPP/xamppfiles/htdocs/Club_Portfolio/api/db_config.php(134): mysqli_stmt->execute()
#1 /Applications/XAMPP/xamppfiles/htdocs/Club_Portfolio/api/events.php(189): db_insert('INSERT INTO reg...', Array)
#2 {main}
  thrown in /Applications/XAMPP/xamppfiles/htdocs/Club_Portfolio/api/db_config.php on line 134
[2026-06-06 17:48:14] Registration attempt with data: {"event_id":12,"name":"Erum Kabir","email":"erum@gmail.com","phone":"01986348433","address":"Bangla Motor","institute":"IUT","gender":"Female","academic_year":"1st","experience":"Beginner"}
[2026-06-06 17:48:14] Registration: Processing event_id=12
[2026-06-06 17:48:14] Registration: Event found - Spring Retreat (registered: 0/100)
[2026-06-06 17:48:14] Registration: Creating event participant record - email=erum@gmail.com
[2026-06-06 17:48:14] Registration: Participant registered with id=4
[2026-06-06 17:48:14] Registration: User logged in, creating registration record - user_id=1
[2026-06-06 17:48:14] Registration: Success - participant_id=4
[2026-06-06 17:51:07] Registration attempt with data: {"event_id":1,"name":"Test User","email":"test@example.com","phone":"01234567890","address":"Test Address","institute":"Test Institute","gender":"Male","academic_year":"2nd Year","experience":"Beginner"}
[2026-06-06 17:51:07] Registration: Processing event_id=1
[2026-06-06 17:51:07] Registration: Event not found - event_id=1
[2026-06-06 17:51:43] Registration attempt with data: {"event_id":8,"name":"Test User Chrome","email":"chrome_test@example.com","phone":"01234567890","address":"Test Address","institute":"Test Institute","gender":"Male","academic_year":"2nd Year","experience":"Beginner"}
[2026-06-06 17:51:43] Registration: Processing event_id=8
[2026-06-06 17:51:43] Registration: Event found - Photography Competition (registered: 4/50)
[2026-06-06 17:51:43] Registration: Creating event participant record - email=chrome_test@example.com
[2026-06-06 17:51:43] Registration: Participant registered with id=5
[2026-06-06 17:51:43] Registration: Success - participant_id=5
[2026-06-06 17:53:30] Registration attempt with data: {"event_id":8,"name":"Farhan Ahmed","email":"farhan.ahmed@gmail.com","phone":"01912345678","address":"45 Gulshan Avenue","institute":"Bangladesh University of Engineering and Technology","gender":"Male","academic_year":"3rd","experience":"Intermediate"}
[2026-06-06 17:53:30] Registration: Processing event_id=8
[2026-06-06 17:53:30] Registration: Event found - Photography Competition (registered: 5/50)
[2026-06-06 17:53:30] Registration: Creating event participant record - email=farhan.ahmed@gmail.com
[2026-06-06 17:53:30] Registration: Participant registered with id=6
[2026-06-06 17:53:30] Registration: User logged in, creating registration record - user_id=1
[2026-06-06 17:53:30] Registration: User already registered for this event - user_id=1, event_id=8
[2026-06-06 17:53:30] Registration: Success - participant_id=6
[2026-06-06 17:55:09] Registration attempt with data: {"event_id":11,"name":"Abu Hurayra Rafi","email":"hurayra.rafi@gmail.com","phone":"01732237784","address":"Mohammadpur, Dhaka","institute":"ULAB","gender":"Male","academic_year":"2nd","experience":"Advanced"}
[2026-06-06 17:55:09] Registration: Processing event_id=11
[2026-06-06 17:55:09] Registration: Event found - Admin Dashboard Test Event (registered: 0/75)
[2026-06-06 17:55:09] Registration: Creating event participant record - email=hurayra.rafi@gmail.com
[2026-06-06 17:55:09] Registration: Participant registered with id=7
[2026-06-06 17:55:09] Registration: User logged in, creating registration record - user_id=1
[2026-06-06 17:55:09] Registration: Success - participant_id=7
[06-Jun-2026 17:59:14 Europe/Berlin] PHP Fatal error:  Uncaught Error: Call to undefined function db_delete() in /Applications/XAMPP/xamppfiles/htdocs/Club_Portfolio/api/admin_events.php:163
Stack trace:
#0 {main}
  thrown in /Applications/XAMPP/xamppfiles/htdocs/Club_Portfolio/api/admin_events.php on line 163
[06-Jun-2026 17:59:20 Europe/Berlin] PHP Fatal error:  Uncaught Error: Call to undefined function db_delete() in /Applications/XAMPP/xamppfiles/htdocs/Club_Portfolio/api/admin_events.php:163
Stack trace:
#0 {main}
  thrown in /Applications/XAMPP/xamppfiles/htdocs/Club_Portfolio/api/admin_events.php on line 163
[06-Jun-2026 17:59:45 Europe/Berlin] PHP Fatal error:  Uncaught Error: Call to undefined function db_delete() in /Applications/XAMPP/xamppfiles/htdocs/Club_Portfolio/api/admin_events.php:163
Stack trace:
#0 {main}
  thrown in /Applications/XAMPP/xamppfiles/htdocs/Club_Portfolio/api/admin_events.php on line 163
[06-Jun-2026 18:13:35 Europe/Berlin] PHP Fatal error:  Uncaught Error: Call to undefined function db_delete() in /Applications/XAMPP/xamppfiles/htdocs/Club_Portfolio/api/admin_events.php:176
Stack trace:
#0 {main}
  thrown in /Applications/XAMPP/xamppfiles/htdocs/Club_Portfolio/api/admin_events.php on line 176
[06-Jun-2026 18:13:38 Europe/Berlin] PHP Fatal error:  Uncaught Error: Call to undefined function db_delete() in /Applications/XAMPP/xamppfiles/htdocs/Club_Portfolio/api/admin_events.php:176
Stack trace:
#0 {main}
  thrown in /Applications/XAMPP/xamppfiles/htdocs/Club_Portfolio/api/admin_events.php on line 176
[2026-06-06 18:35:30] Registration attempt with data: {"event_id":12,"name":"Jasim Uddin","email":"jasim@gmail.com","phone":"01866337321","address":"233\/234 Block D, Uttara","institute":"JU","gender":"Male","academic_year":"4th","experience":"Intermediate"}
[2026-06-06 18:35:30] Registration: Processing event_id=12
[2026-06-06 18:35:30] Registration: Event found - Spring Retreat (registered: 2/100)
[2026-06-06 18:35:30] Registration: Creating event participant record - email=jasim@gmail.com
[2026-06-06 18:35:30] Registration: Participant registered with id=8
[2026-06-06 18:35:30] Registration: User logged in, creating registration record - user_id=1
[2026-06-06 18:35:30] Registration: User already registered for this event - user_id=1, event_id=12
[2026-06-06 18:35:30] Registration: Success - participant_id=8
[06-Jun-2026 18:40:20 Europe/Berlin] PHP Fatal error:  Uncaught mysqli_sql_exception: Table 'club_portfolio.event_participants' doesn't exist in /Applications/XAMPP/xamppfiles/htdocs/Club_Portfolio/api/db_config.php:65
Stack trace:
#0 /Applications/XAMPP/xamppfiles/htdocs/Club_Portfolio/api/db_config.php(65): mysqli->prepare('SELECT ep.*, e....')
#1 /Applications/XAMPP/xamppfiles/htdocs/Club_Portfolio/api/admin_events.php(146): db_select('SELECT ep.*, e....', Array)
#2 {main}
  thrown in /Applications/XAMPP/xamppfiles/htdocs/Club_Portfolio/api/db_config.php on line 65
[06-Jun-2026 18:40:20 Europe/Berlin] PHP Fatal error:  Uncaught mysqli_sql_exception: Table 'club_portfolio.event_participants' doesn't exist in /Applications/XAMPP/xamppfiles/htdocs/Club_Portfolio/api/db_config.php:65
Stack trace:
#0 /Applications/XAMPP/xamppfiles/htdocs/Club_Portfolio/api/db_config.php(65): mysqli->prepare('SELECT (SELECT ...')
#1 /Applications/XAMPP/xamppfiles/htdocs/Club_Portfolio/api/db_config.php(195): db_select('SELECT (SELECT ...', Array)
#2 /Applications/XAMPP/xamppfiles/htdocs/Club_Portfolio/api/db_functions.php(39): db_fetch_one('SELECT (SELECT ...', Array)
#3 /Applications/XAMPP/xamppfiles/htdocs/Club_Portfolio/api/admin_events.php(24): get_all_events(NULL)
#4 {main}
  thrown in /Applications/XAMPP/xamppfiles/htdocs/Club_Portfolio/api/db_config.php on line 65
[06-Jun-2026 18:40:22 Europe/Berlin] PHP Fatal error:  Uncaught mysqli_sql_exception: Table 'club_portfolio.event_participants' doesn't exist in /Applications/XAMPP/xamppfiles/htdocs/Club_Portfolio/api/db_config.php:65
Stack trace:
#0 /Applications/XAMPP/xamppfiles/htdocs/Club_Portfolio/api/db_config.php(65): mysqli->prepare('SELECT (SELECT ...')
#1 /Applications/XAMPP/xamppfiles/htdocs/Club_Portfolio/api/db_config.php(195): db_select('SELECT (SELECT ...', Array)
#2 /Applications/XAMPP/xamppfiles/htdocs/Club_Portfolio/api/db_functions.php(39): db_fetch_one('SELECT (SELECT ...', Array)
#3 /Applications/XAMPP/xamppfiles/htdocs/Club_Portfolio/api/admin_events.php(24): get_all_events(NULL)
#4 {main}
  thrown in /Applications/XAMPP/xamppfiles/htdocs/Club_Portfolio/api/db_config.php on line 65
[06-Jun-2026 18:40:23 Europe/Berlin] PHP Fatal error:  Uncaught mysqli_sql_exception: Table 'club_portfolio.event_participants' doesn't exist in /Applications/XAMPP/xamppfiles/htdocs/Club_Portfolio/api/db_config.php:65
Stack trace:
#0 /Applications/XAMPP/xamppfiles/htdocs/Club_Portfolio/api/db_config.php(65): mysqli->prepare('SELECT (SELECT ...')
#1 /Applications/XAMPP/xamppfiles/htdocs/Club_Portfolio/api/db_config.php(195): db_select('SELECT (SELECT ...', Array)
#2 /Applications/XAMPP/xamppfiles/htdocs/Club_Portfolio/api/db_functions.php(39): db_fetch_one('SELECT (SELECT ...', Array)
#3 /Applications/XAMPP/xamppfiles/htdocs/Club_Portfolio/api/admin_events.php(24): get_all_events(NULL)
#4 {main}
  thrown in /Applications/XAMPP/xamppfiles/htdocs/Club_Portfolio/api/db_config.php on line 65
[06-Jun-2026 18:40:23 Europe/Berlin] PHP Fatal error:  Uncaught mysqli_sql_exception: Table 'club_portfolio.event_participants' doesn't exist in /Applications/XAMPP/xamppfiles/htdocs/Club_Portfolio/api/db_config.php:65
Stack trace:
#0 /Applications/XAMPP/xamppfiles/htdocs/Club_Portfolio/api/db_config.php(65): mysqli->prepare('SELECT ep.*, e....')
#1 /Applications/XAMPP/xamppfiles/htdocs/Club_Portfolio/api/admin_events.php(146): db_select('SELECT ep.*, e....', Array)
#2 {main}
  thrown in /Applications/XAMPP/xamppfiles/htdocs/Club_Portfolio/api/db_config.php on line 65
[06-Jun-2026 18:40:24 Europe/Berlin] PHP Fatal error:  Uncaught mysqli_sql_exception: Table 'club_portfolio.event_participants' doesn't exist in /Applications/XAMPP/xamppfiles/htdocs/Club_Portfolio/api/db_config.php:65
Stack trace:
#0 /Applications/XAMPP/xamppfiles/htdocs/Club_Portfolio/api/db_config.php(65): mysqli->prepare('SELECT (SELECT ...')
#1 /Applications/XAMPP/xamppfiles/htdocs/Club_Portfolio/api/db_config.php(195): db_select('SELECT (SELECT ...', Array)
#2 /Applications/XAMPP/xamppfiles/htdocs/Club_Portfolio/api/db_functions.php(39): db_fetch_one('SELECT (SELECT ...', Array)
#3 /Applications/XAMPP/xamppfiles/htdocs/Club_Portfolio/api/admin_events.php(24): get_all_events(NULL)
#4 {main}
  thrown in /Applications/XAMPP/xamppfiles/htdocs/Club_Portfolio/api/db_config.php on line 65
[06-Jun-2026 18:40:26 Europe/Berlin] PHP Fatal error:  Uncaught mysqli_sql_exception: Table 'club_portfolio.event_participants' doesn't exist in /Applications/XAMPP/xamppfiles/htdocs/Club_Portfolio/api/db_config.php:65
Stack trace:
#0 /Applications/XAMPP/xamppfiles/htdocs/Club_Portfolio/api/db_config.php(65): mysqli->prepare('SELECT (SELECT ...')
#1 /Applications/XAMPP/xamppfiles/htdocs/Club_Portfolio/api/db_config.php(195): db_select('SELECT (SELECT ...', Array)
#2 /Applications/XAMPP/xamppfiles/htdocs/Club_Portfolio/api/db_functions.php(39): db_fetch_one('SELECT (SELECT ...', Array)
#3 /Applications/XAMPP/xamppfiles/htdocs/Club_Portfolio/api/admin_events.php(24): get_all_events(NULL)
#4 {main}
  thrown in /Applications/XAMPP/xamppfiles/htdocs/Club_Portfolio/api/db_config.php on line 65
[06-Jun-2026 18:40:26 Europe/Berlin] PHP Fatal error:  Uncaught mysqli_sql_exception: Table 'club_portfolio.event_participants' doesn't exist in /Applications/XAMPP/xamppfiles/htdocs/Club_Portfolio/api/db_config.php:65
Stack trace:
#0 /Applications/XAMPP/xamppfiles/htdocs/Club_Portfolio/api/db_config.php(65): mysqli->prepare('SELECT ep.*, e....')
#1 /Applications/XAMPP/xamppfiles/htdocs/Club_Portfolio/api/admin_events.php(146): db_select('SELECT ep.*, e....', Array)
#2 {main}
  thrown in /Applications/XAMPP/xamppfiles/htdocs/Club_Portfolio/api/db_config.php on line 65
[06-Jun-2026 18:40:30 Europe/Berlin] PHP Fatal error:  Uncaught mysqli_sql_exception: Table 'club_portfolio.event_participants' doesn't exist in /Applications/XAMPP/xamppfiles/htdocs/Club_Portfolio/api/db_config.php:65
Stack trace:
#0 /Applications/XAMPP/xamppfiles/htdocs/Club_Portfolio/api/db_config.php(65): mysqli->prepare('SELECT (SELECT ...')
#1 /Applications/XAMPP/xamppfiles/htdocs/Club_Portfolio/api/db_config.php(195): db_select('SELECT (SELECT ...', Array)
#2 /Applications/XAMPP/xamppfiles/htdocs/Club_Portfolio/api/db_functions.php(39): db_fetch_one('SELECT (SELECT ...', Array)
#3 /Applications/XAMPP/xamppfiles/htdocs/Club_Portfolio/api/admin_events.php(24): get_all_events(NULL)
#4 {main}
  thrown in /Applications/XAMPP/xamppfiles/htdocs/Club_Portfolio/api/db_config.php on line 65
[06-Jun-2026 18:40:30 Europe/Berlin] PHP Fatal error:  Uncaught mysqli_sql_exception: Table 'club_portfolio.event_participants' doesn't exist in /Applications/XAMPP/xamppfiles/htdocs/Club_Portfolio/api/db_config.php:65
Stack trace:
#0 /Applications/XAMPP/xamppfiles/htdocs/Club_Portfolio/api/db_config.php(65): mysqli->prepare('SELECT ep.*, e....')
#1 /Applications/XAMPP/xamppfiles/htdocs/Club_Portfolio/api/admin_events.php(146): db_select('SELECT ep.*, e....', Array)
#2 {main}
  thrown in /Applications/XAMPP/xamppfiles/htdocs/Club_Portfolio/api/db_config.php on line 65
[06-Jun-2026 18:40:41 Europe/Berlin] PHP Fatal error:  Uncaught mysqli_sql_exception: Table 'club_portfolio.event_participants' doesn't exist in /Applications/XAMPP/xamppfiles/htdocs/Club_Portfolio/api/db_config.php:65
Stack trace:
#0 /Applications/XAMPP/xamppfiles/htdocs/Club_Portfolio/api/db_config.php(65): mysqli->prepare('SELECT ep.*, e....')
#1 /Applications/XAMPP/xamppfiles/htdocs/Club_Portfolio/api/admin_events.php(146): db_select('SELECT ep.*, e....', Array)
#2 {main}
  thrown in /Applications/XAMPP/xamppfiles/htdocs/Club_Portfolio/api/db_config.php on line 65
[06-Jun-2026 18:40:41 Europe/Berlin] PHP Fatal error:  Uncaught mysqli_sql_exception: Table 'club_portfolio.event_participants' doesn't exist in /Applications/XAMPP/xamppfiles/htdocs/Club_Portfolio/api/db_config.php:65
Stack trace:
#0 /Applications/XAMPP/xamppfiles/htdocs/Club_Portfolio/api/db_config.php(65): mysqli->prepare('SELECT (SELECT ...')
#1 /Applications/XAMPP/xamppfiles/htdocs/Club_Portfolio/api/db_config.php(195): db_select('SELECT (SELECT ...', Array)
#2 /Applications/XAMPP/xamppfiles/htdocs/Club_Portfolio/api/db_functions.php(39): db_fetch_one('SELECT (SELECT ...', Array)
#3 /Applications/XAMPP/xamppfiles/htdocs/Club_Portfolio/api/admin_events.php(24): get_all_events(NULL)
#4 {main}
  thrown in /Applications/XAMPP/xamppfiles/htdocs/Club_Portfolio/api/db_config.php on line 65
[06-Jun-2026 18:40:42 Europe/Berlin] PHP Fatal error:  Uncaught mysqli_sql_exception: Table 'club_portfolio.event_participants' doesn't exist in /Applications/XAMPP/xamppfiles/htdocs/Club_Portfolio/api/db_config.php:65
Stack trace:
#0 /Applications/XAMPP/xamppfiles/htdocs/Club_Portfolio/api/db_config.php(65): mysqli->prepare('SELECT (SELECT ...')
#1 /Applications/XAMPP/xamppfiles/htdocs/Club_Portfolio/api/db_config.php(195): db_select('SELECT (SELECT ...', Array)
#2 /Applications/XAMPP/xamppfiles/htdocs/Club_Portfolio/api/db_functions.php(39): db_fetch_one('SELECT (SELECT ...', Array)
#3 /Applications/XAMPP/xamppfiles/htdocs/Club_Portfolio/api/admin_events.php(24): get_all_events(NULL)
#4 {main}
  thrown in /Applications/XAMPP/xamppfiles/htdocs/Club_Portfolio/api/db_config.php on line 65
[06-Jun-2026 18:40:42 Europe/Berlin] PHP Fatal error:  Uncaught mysqli_sql_exception: Table 'club_portfolio.event_participants' doesn't exist in /Applications/XAMPP/xamppfiles/htdocs/Club_Portfolio/api/db_config.php:65
Stack trace:
#0 /Applications/XAMPP/xamppfiles/htdocs/Club_Portfolio/api/db_config.php(65): mysqli->prepare('SELECT ep.*, e....')
#1 /Applications/XAMPP/xamppfiles/htdocs/Club_Portfolio/api/admin_events.php(146): db_select('SELECT ep.*, e....', Array)
#2 {main}
  thrown in /Applications/XAMPP/xamppfiles/htdocs/Club_Portfolio/api/db_config.php on line 65
[06-Jun-2026 18:40:42 Europe/Berlin] PHP Fatal error:  Uncaught mysqli_sql_exception: Table 'club_portfolio.event_participants' doesn't exist in /Applications/XAMPP/xamppfiles/htdocs/Club_Portfolio/api/db_config.php:65
Stack trace:
#0 /Applications/XAMPP/xamppfiles/htdocs/Club_Portfolio/api/db_config.php(65): mysqli->prepare('SELECT (SELECT ...')
#1 /Applications/XAMPP/xamppfiles/htdocs/Club_Portfolio/api/db_config.php(195): db_select('SELECT (SELECT ...', Array)
#2 /Applications/XAMPP/xamppfiles/htdocs/Club_Portfolio/api/db_functions.php(39): db_fetch_one('SELECT (SELECT ...', Array)
#3 /Applications/XAMPP/xamppfiles/htdocs/Club_Portfolio/api/admin_events.php(24): get_all_events(NULL)
#4 {main}
  thrown in /Applications/XAMPP/xamppfiles/htdocs/Club_Portfolio/api/db_config.php on line 65
[06-Jun-2026 18:40:42 Europe/Berlin] PHP Fatal error:  Uncaught mysqli_sql_exception: Table 'club_portfolio.event_participants' doesn't exist in /Applications/XAMPP/xamppfiles/htdocs/Club_Portfolio/api/db_config.php:65
Stack trace:
#0 /Applications/XAMPP/xamppfiles/htdocs/Club_Portfolio/api/db_config.php(65): mysqli->prepare('SELECT ep.*, e....')
#1 /Applications/XAMPP/xamppfiles/htdocs/Club_Portfolio/api/admin_events.php(146): db_select('SELECT ep.*, e....', Array)
#2 {main}
  thrown in /Applications/XAMPP/xamppfiles/htdocs/Club_Portfolio/api/db_config.php on line 65
[06-Jun-2026 18:40:45 Europe/Berlin] PHP Fatal error:  Uncaught mysqli_sql_exception: Table 'club_portfolio.event_participants' doesn't exist in /Applications/XAMPP/xamppfiles/htdocs/Club_Portfolio/api/db_config.php:65
Stack trace:
#0 /Applications/XAMPP/xamppfiles/htdocs/Club_Portfolio/api/db_config.php(65): mysqli->prepare('SELECT (SELECT ...')
#1 /Applications/XAMPP/xamppfiles/htdocs/Club_Portfolio/api/db_config.php(195): db_select('SELECT (SELECT ...', Array)
#2 /Applications/XAMPP/xamppfiles/htdocs/Club_Portfolio/api/db_functions.php(39): db_fetch_one('SELECT (SELECT ...', Array)
#3 /Applications/XAMPP/xamppfiles/htdocs/Club_Portfolio/api/admin_events.php(24): get_all_events(NULL)
#4 {main}
  thrown in /Applications/XAMPP/xamppfiles/htdocs/Club_Portfolio/api/db_config.php on line 65
[06-Jun-2026 18:40:45 Europe/Berlin] PHP Fatal error:  Uncaught mysqli_sql_exception: Table 'club_portfolio.event_participants' doesn't exist in /Applications/XAMPP/xamppfiles/htdocs/Club_Portfolio/api/db_config.php:65
Stack trace:
#0 /Applications/XAMPP/xamppfiles/htdocs/Club_Portfolio/api/db_config.php(65): mysqli->prepare('SELECT ep.*, e....')
#1 /Applications/XAMPP/xamppfiles/htdocs/Club_Portfolio/api/admin_events.php(146): db_select('SELECT ep.*, e....', Array)
#2 {main}
  thrown in /Applications/XAMPP/xamppfiles/htdocs/Club_Portfolio/api/db_config.php on line 65
[06-Jun-2026 18:40:55 Europe/Berlin] PHP Fatal error:  Uncaught mysqli_sql_exception: Table 'club_portfolio.event_participants' doesn't exist in /Applications/XAMPP/xamppfiles/htdocs/Club_Portfolio/api/db_config.php:65
Stack trace:
#0 /Applications/XAMPP/xamppfiles/htdocs/Club_Portfolio/api/db_config.php(65): mysqli->prepare('SELECT ep.*, e....')
#1 /Applications/XAMPP/xamppfiles/htdocs/Club_Portfolio/api/admin_events.php(146): db_select('SELECT ep.*, e....', Array)
#2 {main}
  thrown in /Applications/XAMPP/xamppfiles/htdocs/Club_Portfolio/api/db_config.php on line 65
[06-Jun-2026 18:40:55 Europe/Berlin] PHP Fatal error:  Uncaught mysqli_sql_exception: Table 'club_portfolio.event_participants' doesn't exist in /Applications/XAMPP/xamppfiles/htdocs/Club_Portfolio/api/db_config.php:65
Stack trace:
#0 /Applications/XAMPP/xamppfiles/htdocs/Club_Portfolio/api/db_config.php(65): mysqli->prepare('SELECT (SELECT ...')
#1 /Applications/XAMPP/xamppfiles/htdocs/Club_Portfolio/api/db_config.php(195): db_select('SELECT (SELECT ...', Array)
#2 /Applications/XAMPP/xamppfiles/htdocs/Club_Portfolio/api/db_functions.php(39): db_fetch_one('SELECT (SELECT ...', Array)
#3 /Applications/XAMPP/xamppfiles/htdocs/Club_Portfolio/api/admin_events.php(24): get_all_events(NULL)
#4 {main}
  thrown in /Applications/XAMPP/xamppfiles/htdocs/Club_Portfolio/api/db_config.php on line 65
[2026-06-06 18:44:32] Comment attempt with data: {"event_id":12,"name":"abc","comment":"amazing!"}
[2026-06-06 18:44:32] Comment: Processing for event - Spring Retreat
[2026-06-06 18:44:32] Comment: Creating guest user - name=abc
[2026-06-06 18:44:32] Comment: User created with id=17
[2026-06-06 18:44:32] Comment: Creating comment for user_id=17, event_id=12
[2026-06-06 18:44:32] Comment: Success - comment_id=7
[2026-06-06 18:46:19] Registration attempt with data: {"event_id":12,"name":"Abdul Al Arham","email":"al-arham@gmail.com","phone":"01947327832","address":"Rayerbag, Dhaka","institute":"BUET","gender":"Male","academic_year":"1st","experience":"Beginner"}
[2026-06-06 18:46:19] Registration: Processing event_id=12
[2026-06-06 18:46:19] Registration: Event found - Spring Retreat (registered: 0/100)
[2026-06-06 18:46:19] Registration: Creating registration record - email=al-arham@gmail.com
[2026-06-06 18:46:19] Registration: Successfully registered with id=1
[2026-06-06 18:50:20] Comment attempt with data: {"event_id":8,"name":"Riya","comment":"Very Excited! \ud83e\udd73"}
[2026-06-06 18:50:20] Comment: Processing for event - Photography Competition
[2026-06-06 18:50:20] Comment: Creating guest user - name=Riya
[2026-06-06 18:50:20] Comment: User created with id=18
[2026-06-06 18:50:20] Comment: Creating comment for user_id=18, event_id=8
[2026-06-06 18:50:20] Comment: Success - comment_id=8
[06-Jun-2026 18:55:59 Europe/Berlin] PHP Fatal error:  Uncaught mysqli_sql_exception: Field 'password' doesn't have a default value in /Applications/XAMPP/xamppfiles/htdocs/Club_Portfolio/api/db_config.php:134
Stack trace:
#0 /Applications/XAMPP/xamppfiles/htdocs/Club_Portfolio/api/db_config.php(134): mysqli_stmt->execute()
#1 /Applications/XAMPP/xamppfiles/htdocs/Club_Portfolio/api/events.php(334): db_insert('INSERT INTO use...', Array)
#2 {main}
  thrown in /Applications/XAMPP/xamppfiles/htdocs/Club_Portfolio/api/db_config.php on line 134
[06-Jun-2026 18:56:10 Europe/Berlin] PHP Fatal error:  Uncaught mysqli_sql_exception: Field 'password' doesn't have a default value in /Applications/XAMPP/xamppfiles/htdocs/Club_Portfolio/api/db_config.php:134
Stack trace:
#0 /Applications/XAMPP/xamppfiles/htdocs/Club_Portfolio/api/db_config.php(134): mysqli_stmt->execute()
#1 /Applications/XAMPP/xamppfiles/htdocs/Club_Portfolio/api/events.php(334): db_insert('INSERT INTO use...', Array)
#2 {main}
  thrown in /Applications/XAMPP/xamppfiles/htdocs/Club_Portfolio/api/db_config.php on line 134
[06-Jun-2026 18:56:22 Europe/Berlin] PHP Fatal error:  Uncaught mysqli_sql_exception: Field 'password' doesn't have a default value in /Applications/XAMPP/xamppfiles/htdocs/Club_Portfolio/api/db_config.php:134
Stack trace:
#0 /Applications/XAMPP/xamppfiles/htdocs/Club_Portfolio/api/db_config.php(134): mysqli_stmt->execute()
#1 /Applications/XAMPP/xamppfiles/htdocs/Club_Portfolio/api/events.php(334): db_insert('INSERT INTO use...', Array)
#2 {main}
  thrown in /Applications/XAMPP/xamppfiles/htdocs/Club_Portfolio/api/db_config.php on line 134
[06-Jun-2026 18:56:24 Europe/Berlin] PHP Fatal error:  Uncaught mysqli_sql_exception: Field 'password' doesn't have a default value in /Applications/XAMPP/xamppfiles/htdocs/Club_Portfolio/api/db_config.php:134
Stack trace:
#0 /Applications/XAMPP/xamppfiles/htdocs/Club_Portfolio/api/db_config.php(134): mysqli_stmt->execute()
#1 /Applications/XAMPP/xamppfiles/htdocs/Club_Portfolio/api/events.php(334): db_insert('INSERT INTO use...', Array)
#2 {main}
  thrown in /Applications/XAMPP/xamppfiles/htdocs/Club_Portfolio/api/db_config.php on line 134
[06-Jun-2026 18:56:50 Europe/Berlin] PHP Fatal error:  Uncaught mysqli_sql_exception: Field 'password' doesn't have a default value in /Applications/XAMPP/xamppfiles/htdocs/Club_Portfolio/api/db_config.php:134
Stack trace:
#0 /Applications/XAMPP/xamppfiles/htdocs/Club_Portfolio/api/db_config.php(134): mysqli_stmt->execute()
#1 /Applications/XAMPP/xamppfiles/htdocs/Club_Portfolio/api/events.php(334): db_insert('INSERT INTO use...', Array)
#2 {main}
  thrown in /Applications/XAMPP/xamppfiles/htdocs/Club_Portfolio/api/db_config.php on line 134
[06-Jun-2026 19:39:35 Europe/Berlin] Contact submission saved - ID: 6, Name: Sumaiya Afrin Eva, Email: afrineva013@gmail.com
[2026-06-06 19:50:40] Reminder creation error: Unknown column 'email' in 'where clause'
[06-Jun-2026 19:51:32 Europe/Berlin] PHP Fatal error:  Uncaught mysqli_sql_exception: Table 'club_portfolio.event_participants' doesn't exist in /Applications/XAMPP/xamppfiles/htdocs/Club_Portfolio/api/verify_tables.php:14
Stack trace:
#0 /Applications/XAMPP/xamppfiles/htdocs/Club_Portfolio/api/verify_tables.php(14): mysqli->query('SELECT * FROM e...')
#1 {main}
  thrown in /Applications/XAMPP/xamppfiles/htdocs/Club_Portfolio/api/verify_tables.php on line 14
[2026-06-06 20:24:56] Reminder creation error: Unknown column 'email' in 'where clause'
[2026-06-06 20:25:03] Reminder creation error: Unknown column 'email' in 'where clause'
[2026-06-06 20:25:08] Reminder creation error: Unknown column 'email' in 'where clause'
[2026-06-06 20:25:12] Reminder creation error: Unknown column 'email' in 'where clause'
[2026-06-06 20:25:20] Reminder creation error: Unknown column 'email' in 'where clause'
[2026-06-06 20:28:23] Reminder creation error: Unknown column 'email' in 'where clause'
[2026-06-06 20:28:31] Reminder creation error: Unknown column 'email' in 'where clause'
[2026-06-06 20:31:25] Comment attempt with data: {"event_id":11,"name":"Eva","email":null,"comment":"Wow"}
[2026-06-06 20:31:25] Comment: Processing for event - Admin Dashboard Test Event
[2026-06-06 20:31:25] Comment: Creating comment for name=Eva, event_id=11
[06-Jun-2026 20:31:25 Europe/Berlin] PHP Fatal error:  Uncaught mysqli_sql_exception: Unknown column 'full_name' in 'field list' in /Applications/XAMPP/xamppfiles/htdocs/Club_Portfolio/api/db_config.php:113
Stack trace:
#0 /Applications/XAMPP/xamppfiles/htdocs/Club_Portfolio/api/db_config.php(113): mysqli->prepare('INSERT INTO com...')
#1 /Applications/XAMPP/xamppfiles/htdocs/Club_Portfolio/api/events.php(239): db_insert('INSERT INTO com...', Array)
#2 {main}
  thrown in /Applications/XAMPP/xamppfiles/htdocs/Club_Portfolio/api/db_config.php on line 113
[2026-06-06 20:31:28] Comment attempt with data: {"event_id":11,"name":"Eva","email":null,"comment":"Wow"}
[2026-06-06 20:31:28] Comment: Processing for event - Admin Dashboard Test Event
[2026-06-06 20:31:28] Comment: Creating comment for name=Eva, event_id=11
[06-Jun-2026 20:31:28 Europe/Berlin] PHP Fatal error:  Uncaught mysqli_sql_exception: Unknown column 'full_name' in 'field list' in /Applications/XAMPP/xamppfiles/htdocs/Club_Portfolio/api/db_config.php:113
Stack trace:
#0 /Applications/XAMPP/xamppfiles/htdocs/Club_Portfolio/api/db_config.php(113): mysqli->prepare('INSERT INTO com...')
#1 /Applications/XAMPP/xamppfiles/htdocs/Club_Portfolio/api/events.php(239): db_insert('INSERT INTO com...', Array)
#2 {main}
  thrown in /Applications/XAMPP/xamppfiles/htdocs/Club_Portfolio/api/db_config.php on line 113
[2026-06-06 20:37:40] Reminder creation error: Unknown column 'email' in 'where clause'
[06-Jun-2026 20:40:15 Europe/Berlin] PHP Fatal error:  Uncaught mysqli_sql_exception: Unknown column 'c.user_id' in 'on clause' in /Applications/XAMPP/xamppfiles/htdocs/Club_Portfolio/api/db_config.php:65
Stack trace:
#0 /Applications/XAMPP/xamppfiles/htdocs/Club_Portfolio/api/db_config.php(65): mysqli->prepare('SELECT c.*, u.f...')
#1 /Applications/XAMPP/xamppfiles/htdocs/Club_Portfolio/api/db_functions.php(99): db_select('SELECT c.*, u.f...', Array)
#2 /Applications/XAMPP/xamppfiles/htdocs/Club_Portfolio/api/events.php(314): get_event_by_id(8)
#3 {main}
  thrown in /Applications/XAMPP/xamppfiles/htdocs/Club_Portfolio/api/db_config.php on line 65
[06-Jun-2026 20:40:31 Europe/Berlin] PHP Fatal error:  Uncaught mysqli_sql_exception: Unknown column 'c.user_id' in 'on clause' in /Applications/XAMPP/xamppfiles/htdocs/Club_Portfolio/api/db_config.php:65
Stack trace:
#0 /Applications/XAMPP/xamppfiles/htdocs/Club_Portfolio/api/db_config.php(65): mysqli->prepare('SELECT c.*, u.f...')
#1 /Applications/XAMPP/xamppfiles/htdocs/Club_Portfolio/api/db_functions.php(99): db_select('SELECT c.*, u.f...', Array)
#2 /Applications/XAMPP/xamppfiles/htdocs/Club_Portfolio/api/events.php(314): get_event_by_id(8)
#3 {main}
  thrown in /Applications/XAMPP/xamppfiles/htdocs/Club_Portfolio/api/db_config.php on line 65
[06-Jun-2026 20:48:10 Europe/Berlin] PHP Fatal error:  Uncaught mysqli_sql_exception: Unknown column 'c.user_id' in 'on clause' in /Applications/XAMPP/xamppfiles/htdocs/Club_Portfolio/api/db_config.php:65
Stack trace:
#0 /Applications/XAMPP/xamppfiles/htdocs/Club_Portfolio/api/db_config.php(65): mysqli->prepare('SELECT c.*, u.f...')
#1 /Applications/XAMPP/xamppfiles/htdocs/Club_Portfolio/api/db_functions.php(99): db_select('SELECT c.*, u.f...', Array)
#2 /Applications/XAMPP/xamppfiles/htdocs/Club_Portfolio/api/events.php(314): get_event_by_id(12)
#3 {main}
  thrown in /Applications/XAMPP/xamppfiles/htdocs/Club_Portfolio/api/db_config.php on line 65
[06-Jun-2026 20:48:37 Europe/Berlin] PHP Fatal error:  Uncaught mysqli_sql_exception: Unknown column 'c.user_id' in 'on clause' in /Applications/XAMPP/xamppfiles/htdocs/Club_Portfolio/api/db_config.php:65
Stack trace:
#0 /Applications/XAMPP/xamppfiles/htdocs/Club_Portfolio/api/db_config.php(65): mysqli->prepare('SELECT c.*, u.f...')
#1 /Applications/XAMPP/xamppfiles/htdocs/Club_Portfolio/api/db_functions.php(99): db_select('SELECT c.*, u.f...', Array)
#2 /Applications/XAMPP/xamppfiles/htdocs/Club_Portfolio/api/events.php(314): get_event_by_id(12)
#3 {main}
  thrown in /Applications/XAMPP/xamppfiles/htdocs/Club_Portfolio/api/db_config.php on line 65
[06-Jun-2026 20:49:53 Europe/Berlin] PHP Fatal error:  Uncaught mysqli_sql_exception: Unknown column 'c.user_id' in 'on clause' in /Applications/XAMPP/xamppfiles/htdocs/Club_Portfolio/api/db_config.php:65
Stack trace:
#0 /Applications/XAMPP/xamppfiles/htdocs/Club_Portfolio/api/db_config.php(65): mysqli->prepare('SELECT c.*, u.f...')
#1 /Applications/XAMPP/xamppfiles/htdocs/Club_Portfolio/api/db_functions.php(99): db_select('SELECT c.*, u.f...', Array)
#2 /Applications/XAMPP/xamppfiles/htdocs/Club_Portfolio/api/events.php(314): get_event_by_id(11)
#3 {main}
  thrown in /Applications/XAMPP/xamppfiles/htdocs/Club_Portfolio/api/db_config.php on line 65
[2026-06-06 20:55:08] Comment attempt with data: {"event_id":8,"name":"sdfghjk","email":null,"comment":"sdfghjkl"}
[2026-06-06 20:55:08] Comment: Processing for event - Photography Competition
[2026-06-06 20:55:08] Comment: Creating comment for name=sdfghjk, event_id=8
[2026-06-06 20:55:08] Comment: Success - comment_id=1
[2026-06-06 21:04:07] Comment attempt with data: {"event_id":12,"name":"Shipu","email":null,"comment":"Very Nice!"}
[2026-06-06 21:04:07] Comment: Processing for event - Spring Retreat
[2026-06-06 21:04:07] Comment: Creating comment for name=Shipu, event_id=12
[2026-06-06 21:04:07] Comment: Success - comment_id=2
[2026-06-06 21:07:04] Comment attempt with data: {"event_id":11,"name":"Wafiq","email":null,"comment":"Excited."}
[2026-06-06 21:07:04] Comment: Processing for event - Admin Dashboard Test Event
[2026-06-06 21:07:04] Comment: Creating comment for name=Wafiq, event_id=11
[2026-06-06 21:07:04] Comment: Success - comment_id=3
[2026-06-06 21:11:45] Comment attempt with data: {"event_id":12,"name":"Anisha","email":null,"comment":"Beautiful"}
[2026-06-06 21:11:45] Comment: Processing for event - Spring Retreat
[2026-06-06 21:11:45] Comment: Creating comment for name=Anisha, event_id=12
[2026-06-06 21:11:45] Comment: Success - comment_id=4
[2026-06-06 21:12:14] Comment attempt with data: {"event_id":12,"name":"Walima","email":null,"comment":"Wow"}
[2026-06-06 21:12:14] Comment: Processing for event - Spring Retreat
[2026-06-06 21:12:14] Comment: Creating comment for name=Walima, event_id=12
[2026-06-06 21:12:14] Comment: Success - comment_id=5
[2026-06-06 21:24:52] Comment attempt with data: {"event_id":11,"name":"Test User","email":null,"comment":"This is a test comment to see if the green line appears."}
[2026-06-06 21:24:52] Comment: Processing for event - Admin Dashboard Test Event
[2026-06-06 21:24:52] Comment: Creating comment for name=Test User, event_id=11
[2026-06-06 21:24:52] Comment: Success - comment_id=6
[06-Jun-2026 21:34:22 Europe/Berlin] PHP Fatal error:  Uncaught mysqli_sql_exception: Field 'password' doesn't have a default value in /Applications/XAMPP/xamppfiles/htdocs/Club_Portfolio/api/db_config.php:134
Stack trace:
#0 /Applications/XAMPP/xamppfiles/htdocs/Club_Portfolio/api/db_config.php(134): mysqli_stmt->execute()
#1 /Applications/XAMPP/xamppfiles/htdocs/Club_Portfolio/api/test_registration.php(56): db_insert('INSERT INTO use...', Array)
#2 {main}
  thrown in /Applications/XAMPP/xamppfiles/htdocs/Club_Portfolio/api/db_config.php on line 134
[06-Jun-2026 21:34:26 Europe/Berlin] PHP Fatal error:  Uncaught mysqli_sql_exception: Field 'password' doesn't have a default value in /Applications/XAMPP/xamppfiles/htdocs/Club_Portfolio/api/db_config.php:134
Stack trace:
#0 /Applications/XAMPP/xamppfiles/htdocs/Club_Portfolio/api/db_config.php(134): mysqli_stmt->execute()
#1 /Applications/XAMPP/xamppfiles/htdocs/Club_Portfolio/api/test_registration.php(56): db_insert('INSERT INTO use...', Array)
#2 {main}
  thrown in /Applications/XAMPP/xamppfiles/htdocs/Club_Portfolio/api/db_config.php on line 134
[06-Jun-2026 21:34:30 Europe/Berlin] PHP Fatal error:  Uncaught mysqli_sql_exception: Field 'password' doesn't have a default value in /Applications/XAMPP/xamppfiles/htdocs/Club_Portfolio/api/db_config.php:134
Stack trace:
#0 /Applications/XAMPP/xamppfiles/htdocs/Club_Portfolio/api/db_config.php(134): mysqli_stmt->execute()
#1 /Applications/XAMPP/xamppfiles/htdocs/Club_Portfolio/api/test_registration_flow.php(49): db_insert('INSERT INTO use...', Array)
#2 {main}
  thrown in /Applications/XAMPP/xamppfiles/htdocs/Club_Portfolio/api/db_config.php on line 134
[2026-06-06 21:42:53] Comment attempt with data: {"event_id":11,"name":"Adam","email":null,"comment":"wowwwww"}
[2026-06-06 21:42:53] Comment: Processing for event - Admin Dashboard Test Event
[2026-06-06 21:42:53] Comment: Creating comment for name=Adam, event_id=11
[2026-06-06 21:42:53] Comment: Success - comment_id=7
[09-Jun-2026 08:36:11 Europe/Berlin] Contact submission saved - ID: 7, Name: Sumaiya Afrin Eva, Email: afrineva013@gmail.com
[09-Jun-2026 08:36:40 Europe/Berlin] PHP Fatal error:  Uncaught mysqli_sql_exception: Unknown column 'r.user_id' in 'on clause' in /Applications/XAMPP/xamppfiles/htdocs/Club_Portfolio/api/db_config.php:65
Stack trace:
#0 /Applications/XAMPP/xamppfiles/htdocs/Club_Portfolio/api/db_config.php(65): mysqli->prepare('SELECT r.*, u.f...')
#1 /Applications/XAMPP/xamppfiles/htdocs/Club_Portfolio/api/admin_events.php(119): db_select('SELECT r.*, u.f...', Array)
#2 {main}
  thrown in /Applications/XAMPP/xamppfiles/htdocs/Club_Portfolio/api/db_config.php on line 65
[09-Jun-2026 08:36:40 Europe/Berlin] PHP Fatal error:  Uncaught mysqli_sql_exception: Unknown column 'r.user_id' in 'on clause' in /Applications/XAMPP/xamppfiles/htdocs/Club_Portfolio/api/db_config.php:65
Stack trace:
#0 /Applications/XAMPP/xamppfiles/htdocs/Club_Portfolio/api/db_config.php(65): mysqli->prepare('SELECT r.*, u.f...')
#1 /Applications/XAMPP/xamppfiles/htdocs/Club_Portfolio/api/admin_events.php(119): db_select('SELECT r.*, u.f...', Array)
#2 {main}
  thrown in /Applications/XAMPP/xamppfiles/htdocs/Club_Portfolio/api/db_config.php on line 65
[09-Jun-2026 08:36:41 Europe/Berlin] PHP Fatal error:  Uncaught mysqli_sql_exception: Unknown column 'r.user_id' in 'on clause' in /Applications/XAMPP/xamppfiles/htdocs/Club_Portfolio/api/db_config.php:65
Stack trace:
#0 /Applications/XAMPP/xamppfiles/htdocs/Club_Portfolio/api/db_config.php(65): mysqli->prepare('SELECT r.*, u.f...')
#1 /Applications/XAMPP/xamppfiles/htdocs/Club_Portfolio/api/admin_events.php(119): db_select('SELECT r.*, u.f...', Array)
#2 {main}
  thrown in /Applications/XAMPP/xamppfiles/htdocs/Club_Portfolio/api/db_config.php on line 65
[09-Jun-2026 08:36:45 Europe/Berlin] PHP Fatal error:  Uncaught mysqli_sql_exception: Unknown column 'r.user_id' in 'on clause' in /Applications/XAMPP/xamppfiles/htdocs/Club_Portfolio/api/db_config.php:65
Stack trace:
#0 /Applications/XAMPP/xamppfiles/htdocs/Club_Portfolio/api/db_config.php(65): mysqli->prepare('SELECT r.*, u.f...')
#1 /Applications/XAMPP/xamppfiles/htdocs/Club_Portfolio/api/admin_events.php(119): db_select('SELECT r.*, u.f...', Array)
#2 {main}
  thrown in /Applications/XAMPP/xamppfiles/htdocs/Club_Portfolio/api/db_config.php on line 65
[09-Jun-2026 08:36:46 Europe/Berlin] PHP Fatal error:  Uncaught mysqli_sql_exception: Unknown column 'r.user_id' in 'on clause' in /Applications/XAMPP/xamppfiles/htdocs/Club_Portfolio/api/db_config.php:65
Stack trace:
#0 /Applications/XAMPP/xamppfiles/htdocs/Club_Portfolio/api/db_config.php(65): mysqli->prepare('SELECT r.*, u.f...')
#1 /Applications/XAMPP/xamppfiles/htdocs/Club_Portfolio/api/admin_events.php(119): db_select('SELECT r.*, u.f...', Array)
#2 {main}
  thrown in /Applications/XAMPP/xamppfiles/htdocs/Club_Portfolio/api/db_config.php on line 65
[09-Jun-2026 08:37:50 Europe/Berlin] PHP Fatal error:  Uncaught mysqli_sql_exception: Unknown column 'r.user_id' in 'on clause' in /Applications/XAMPP/xamppfiles/htdocs/Club_Portfolio/api/db_config.php:65
Stack trace:
#0 /Applications/XAMPP/xamppfiles/htdocs/Club_Portfolio/api/db_config.php(65): mysqli->prepare('SELECT r.*, u.f...')
#1 /Applications/XAMPP/xamppfiles/htdocs/Club_Portfolio/api/admin_events.php(119): db_select('SELECT r.*, u.f...', Array)
#2 {main}
  thrown in /Applications/XAMPP/xamppfiles/htdocs/Club_Portfolio/api/db_config.php on line 65
[09-Jun-2026 08:37:51 Europe/Berlin] PHP Fatal error:  Uncaught mysqli_sql_exception: Unknown column 'r.user_id' in 'on clause' in /Applications/XAMPP/xamppfiles/htdocs/Club_Portfolio/api/db_config.php:65
Stack trace:
#0 /Applications/XAMPP/xamppfiles/htdocs/Club_Portfolio/api/db_config.php(65): mysqli->prepare('SELECT r.*, u.f...')
#1 /Applications/XAMPP/xamppfiles/htdocs/Club_Portfolio/api/admin_events.php(119): db_select('SELECT r.*, u.f...', Array)
#2 {main}
  thrown in /Applications/XAMPP/xamppfiles/htdocs/Club_Portfolio/api/db_config.php on line 65
[09-Jun-2026 08:38:01 Europe/Berlin] PHP Fatal error:  Uncaught mysqli_sql_exception: Unknown column 'r.user_id' in 'on clause' in /Applications/XAMPP/xamppfiles/htdocs/Club_Portfolio/api/db_config.php:65
Stack trace:
#0 /Applications/XAMPP/xamppfiles/htdocs/Club_Portfolio/api/db_config.php(65): mysqli->prepare('SELECT r.*, u.f...')
#1 /Applications/XAMPP/xamppfiles/htdocs/Club_Portfolio/api/admin_events.php(119): db_select('SELECT r.*, u.f...', Array)
#2 {main}
  thrown in /Applications/XAMPP/xamppfiles/htdocs/Club_Portfolio/api/db_config.php on line 65
[09-Jun-2026 08:38:01 Europe/Berlin] PHP Fatal error:  Uncaught mysqli_sql_exception: Unknown column 'r.user_id' in 'on clause' in /Applications/XAMPP/xamppfiles/htdocs/Club_Portfolio/api/db_config.php:65
Stack trace:
#0 /Applications/XAMPP/xamppfiles/htdocs/Club_Portfolio/api/db_config.php(65): mysqli->prepare('SELECT r.*, u.f...')
#1 /Applications/XAMPP/xamppfiles/htdocs/Club_Portfolio/api/admin_events.php(119): db_select('SELECT r.*, u.f...', Array)
#2 {main}
  thrown in /Applications/XAMPP/xamppfiles/htdocs/Club_Portfolio/api/db_config.php on line 65
[09-Jun-2026 08:39:35 Europe/Berlin] PHP Fatal error:  Uncaught mysqli_sql_exception: Unknown column 'r.user_id' in 'on clause' in /Applications/XAMPP/xamppfiles/htdocs/Club_Portfolio/api/db_config.php:65
Stack trace:
#0 /Applications/XAMPP/xamppfiles/htdocs/Club_Portfolio/api/db_config.php(65): mysqli->prepare('SELECT r.*, u.f...')
#1 /Applications/XAMPP/xamppfiles/htdocs/Club_Portfolio/api/admin_events.php(119): db_select('SELECT r.*, u.f...', Array)
#2 {main}
  thrown in /Applications/XAMPP/xamppfiles/htdocs/Club_Portfolio/api/db_config.php on line 65
[09-Jun-2026 08:39:36 Europe/Berlin] PHP Fatal error:  Uncaught mysqli_sql_exception: Unknown column 'r.user_id' in 'on clause' in /Applications/XAMPP/xamppfiles/htdocs/Club_Portfolio/api/db_config.php:65
Stack trace:
#0 /Applications/XAMPP/xamppfiles/htdocs/Club_Portfolio/api/db_config.php(65): mysqli->prepare('SELECT r.*, u.f...')
#1 /Applications/XAMPP/xamppfiles/htdocs/Club_Portfolio/api/admin_events.php(119): db_select('SELECT r.*, u.f...', Array)
#2 {main}
  thrown in /Applications/XAMPP/xamppfiles/htdocs/Club_Portfolio/api/db_config.php on line 65
[09-Jun-2026 08:39:36 Europe/Berlin] PHP Fatal error:  Uncaught mysqli_sql_exception: Unknown column 'r.user_id' in 'on clause' in /Applications/XAMPP/xamppfiles/htdocs/Club_Portfolio/api/db_config.php:65
Stack trace:
#0 /Applications/XAMPP/xamppfiles/htdocs/Club_Portfolio/api/db_config.php(65): mysqli->prepare('SELECT r.*, u.f...')
#1 /Applications/XAMPP/xamppfiles/htdocs/Club_Portfolio/api/admin_events.php(119): db_select('SELECT r.*, u.f...', Array)
#2 {main}
  thrown in /Applications/XAMPP/xamppfiles/htdocs/Club_Portfolio/api/db_config.php on line 65
[2026-06-09 08:41:39] Registration attempt with data: {"event_id":8,"name":"Sumaiya Afrin Eva","email":"afrineva013@gmail.com","phone":"1234567676","address":"Dhaka","institute":"KUET","gender":"Female","academic_year":"3rd","experience":"Beginner"}
[2026-06-09 08:41:39] Registration: Processing event_id=8
[2026-06-09 08:41:39] Registration: Event found - Photography Competition (registered: 0/50)
[2026-06-09 08:41:39] Registration: Creating registration record - email=afrineva013@gmail.com
[2026-06-09 08:41:39] Registration: Successfully registered with id=2
[09-Jun-2026 08:41:47 Europe/Berlin] PHP Fatal error:  Uncaught mysqli_sql_exception: Unknown column 'r.user_id' in 'on clause' in /Applications/XAMPP/xamppfiles/htdocs/Club_Portfolio/api/db_config.php:65
Stack trace:
#0 /Applications/XAMPP/xamppfiles/htdocs/Club_Portfolio/api/db_config.php(65): mysqli->prepare('SELECT r.*, u.f...')
#1 /Applications/XAMPP/xamppfiles/htdocs/Club_Portfolio/api/admin_events.php(119): db_select('SELECT r.*, u.f...', Array)
#2 {main}
  thrown in /Applications/XAMPP/xamppfiles/htdocs/Club_Portfolio/api/db_config.php on line 65
[09-Jun-2026 08:41:50 Europe/Berlin] PHP Fatal error:  Uncaught mysqli_sql_exception: Unknown column 'r.user_id' in 'on clause' in /Applications/XAMPP/xamppfiles/htdocs/Club_Portfolio/api/db_config.php:65
Stack trace:
#0 /Applications/XAMPP/xamppfiles/htdocs/Club_Portfolio/api/db_config.php(65): mysqli->prepare('SELECT r.*, u.f...')
#1 /Applications/XAMPP/xamppfiles/htdocs/Club_Portfolio/api/admin_events.php(119): db_select('SELECT r.*, u.f...', Array)
#2 {main}
  thrown in /Applications/XAMPP/xamppfiles/htdocs/Club_Portfolio/api/db_config.php on line 65
[09-Jun-2026 08:42:19 Europe/Berlin] PHP Fatal error:  Uncaught mysqli_sql_exception: Unknown column 'r.user_id' in 'on clause' in /Applications/XAMPP/xamppfiles/htdocs/Club_Portfolio/api/db_config.php:65
Stack trace:
#0 /Applications/XAMPP/xamppfiles/htdocs/Club_Portfolio/api/db_config.php(65): mysqli->prepare('SELECT r.*, u.f...')
#1 /Applications/XAMPP/xamppfiles/htdocs/Club_Portfolio/api/admin_events.php(119): db_select('SELECT r.*, u.f...', Array)
#2 {main}
  thrown in /Applications/XAMPP/xamppfiles/htdocs/Club_Portfolio/api/db_config.php on line 65
[09-Jun-2026 08:44:35 Europe/Berlin] PHP Fatal error:  Uncaught mysqli_sql_exception: Unknown column 'r.user_id' in 'on clause' in /Applications/XAMPP/xamppfiles/htdocs/Club_Portfolio/api/db_config.php:65
Stack trace:
#0 /Applications/XAMPP/xamppfiles/htdocs/Club_Portfolio/api/db_config.php(65): mysqli->prepare('SELECT r.*, u.f...')
#1 /Applications/XAMPP/xamppfiles/htdocs/Club_Portfolio/api/admin_events.php(119): db_select('SELECT r.*, u.f...', Array)
#2 {main}
  thrown in /Applications/XAMPP/xamppfiles/htdocs/Club_Portfolio/api/db_config.php on line 65
[09-Jun-2026 08:44:36 Europe/Berlin] PHP Fatal error:  Uncaught mysqli_sql_exception: Unknown column 'r.user_id' in 'on clause' in /Applications/XAMPP/xamppfiles/htdocs/Club_Portfolio/api/db_config.php:65
Stack trace:
#0 /Applications/XAMPP/xamppfiles/htdocs/Club_Portfolio/api/db_config.php(65): mysqli->prepare('SELECT r.*, u.f...')
#1 /Applications/XAMPP/xamppfiles/htdocs/Club_Portfolio/api/admin_events.php(119): db_select('SELECT r.*, u.f...', Array)
#2 {main}
  thrown in /Applications/XAMPP/xamppfiles/htdocs/Club_Portfolio/api/db_config.php on line 65
[09-Jun-2026 08:44:42 Europe/Berlin] PHP Fatal error:  Uncaught mysqli_sql_exception: Unknown column 'r.user_id' in 'on clause' in /Applications/XAMPP/xamppfiles/htdocs/Club_Portfolio/api/db_config.php:65
Stack trace:
#0 /Applications/XAMPP/xamppfiles/htdocs/Club_Portfolio/api/db_config.php(65): mysqli->prepare('SELECT r.*, u.f...')
#1 /Applications/XAMPP/xamppfiles/htdocs/Club_Portfolio/api/admin_events.php(119): db_select('SELECT r.*, u.f...', Array)
#2 {main}
  thrown in /Applications/XAMPP/xamppfiles/htdocs/Club_Portfolio/api/db_config.php on line 65
[09-Jun-2026 08:44:51 Europe/Berlin] PHP Fatal error:  Uncaught mysqli_sql_exception: Unknown column 'r.user_id' in 'on clause' in /Applications/XAMPP/xamppfiles/htdocs/Club_Portfolio/api/db_config.php:65
Stack trace:
#0 /Applications/XAMPP/xamppfiles/htdocs/Club_Portfolio/api/db_config.php(65): mysqli->prepare('SELECT r.*, u.f...')
#1 /Applications/XAMPP/xamppfiles/htdocs/Club_Portfolio/api/admin_events.php(119): db_select('SELECT r.*, u.f...', Array)
#2 {main}
  thrown in /Applications/XAMPP/xamppfiles/htdocs/Club_Portfolio/api/db_config.php on line 65
[09-Jun-2026 08:45:41 Europe/Berlin] PHP Fatal error:  Uncaught mysqli_sql_exception: Unknown column 'r.user_id' in 'on clause' in /Applications/XAMPP/xamppfiles/htdocs/Club_Portfolio/api/db_config.php:65
Stack trace:
#0 /Applications/XAMPP/xamppfiles/htdocs/Club_Portfolio/api/db_config.php(65): mysqli->prepare('SELECT r.*, u.f...')
#1 /Applications/XAMPP/xamppfiles/htdocs/Club_Portfolio/api/admin_events.php(119): db_select('SELECT r.*, u.f...', Array)
#2 {main}
  thrown in /Applications/XAMPP/xamppfiles/htdocs/Club_Portfolio/api/db_config.php on line 65
[09-Jun-2026 08:45:42 Europe/Berlin] PHP Fatal error:  Uncaught mysqli_sql_exception: Unknown column 'r.user_id' in 'on clause' in /Applications/XAMPP/xamppfiles/htdocs/Club_Portfolio/api/db_config.php:65
Stack trace:
#0 /Applications/XAMPP/xamppfiles/htdocs/Club_Portfolio/api/db_config.php(65): mysqli->prepare('SELECT r.*, u.f...')
#1 /Applications/XAMPP/xamppfiles/htdocs/Club_Portfolio/api/admin_events.php(119): db_select('SELECT r.*, u.f...', Array)
#2 {main}
  thrown in /Applications/XAMPP/xamppfiles/htdocs/Club_Portfolio/api/db_config.php on line 65
[09-Jun-2026 08:49:15 Europe/Berlin] PHP Fatal error:  Uncaught mysqli_sql_exception: Unknown column 'r.user_id' in 'on clause' in /Applications/XAMPP/xamppfiles/htdocs/Club_Portfolio/api/db_config.php:65
Stack trace:
#0 /Applications/XAMPP/xamppfiles/htdocs/Club_Portfolio/api/db_config.php(65): mysqli->prepare('SELECT r.*, u.f...')
#1 /Applications/XAMPP/xamppfiles/htdocs/Club_Portfolio/api/admin_events.php(119): db_select('SELECT r.*, u.f...', Array)
#2 {main}
  thrown in /Applications/XAMPP/xamppfiles/htdocs/Club_Portfolio/api/db_config.php on line 65
[09-Jun-2026 08:49:16 Europe/Berlin] PHP Fatal error:  Uncaught mysqli_sql_exception: Unknown column 'r.user_id' in 'on clause' in /Applications/XAMPP/xamppfiles/htdocs/Club_Portfolio/api/db_config.php:65
Stack trace:
#0 /Applications/XAMPP/xamppfiles/htdocs/Club_Portfolio/api/db_config.php(65): mysqli->prepare('SELECT r.*, u.f...')
#1 /Applications/XAMPP/xamppfiles/htdocs/Club_Portfolio/api/admin_events.php(119): db_select('SELECT r.*, u.f...', Array)
#2 {main}
  thrown in /Applications/XAMPP/xamppfiles/htdocs/Club_Portfolio/api/db_config.php on line 65
[09-Jun-2026 08:49:16 Europe/Berlin] PHP Fatal error:  Uncaught mysqli_sql_exception: Unknown column 'r.user_id' in 'on clause' in /Applications/XAMPP/xamppfiles/htdocs/Club_Portfolio/api/db_config.php:65
Stack trace:
#0 /Applications/XAMPP/xamppfiles/htdocs/Club_Portfolio/api/db_config.php(65): mysqli->prepare('SELECT r.*, u.f...')
#1 /Applications/XAMPP/xamppfiles/htdocs/Club_Portfolio/api/admin_events.php(119): db_select('SELECT r.*, u.f...', Array)
#2 {main}
  thrown in /Applications/XAMPP/xamppfiles/htdocs/Club_Portfolio/api/db_config.php on line 65
[09-Jun-2026 08:49:17 Europe/Berlin] PHP Fatal error:  Uncaught mysqli_sql_exception: Unknown column 'r.user_id' in 'on clause' in /Applications/XAMPP/xamppfiles/htdocs/Club_Portfolio/api/db_config.php:65
Stack trace:
#0 /Applications/XAMPP/xamppfiles/htdocs/Club_Portfolio/api/db_config.php(65): mysqli->prepare('SELECT r.*, u.f...')
#1 /Applications/XAMPP/xamppfiles/htdocs/Club_Portfolio/api/admin_events.php(119): db_select('SELECT r.*, u.f...', Array)
#2 {main}
  thrown in /Applications/XAMPP/xamppfiles/htdocs/Club_Portfolio/api/db_config.php on line 65
[09-Jun-2026 08:49:19 Europe/Berlin] PHP Fatal error:  Uncaught mysqli_sql_exception: Unknown column 'r.user_id' in 'on clause' in /Applications/XAMPP/xamppfiles/htdocs/Club_Portfolio/api/db_config.php:65
Stack trace:
#0 /Applications/XAMPP/xamppfiles/htdocs/Club_Portfolio/api/db_config.php(65): mysqli->prepare('SELECT r.*, u.f...')
#1 /Applications/XAMPP/xamppfiles/htdocs/Club_Portfolio/api/admin_events.php(119): db_select('SELECT r.*, u.f...', Array)
#2 {main}
  thrown in /Applications/XAMPP/xamppfiles/htdocs/Club_Portfolio/api/db_config.php on line 65
[09-Jun-2026 08:49:19 Europe/Berlin] PHP Fatal error:  Uncaught mysqli_sql_exception: Unknown column 'r.user_id' in 'on clause' in /Applications/XAMPP/xamppfiles/htdocs/Club_Portfolio/api/db_config.php:65
Stack trace:
#0 /Applications/XAMPP/xamppfiles/htdocs/Club_Portfolio/api/db_config.php(65): mysqli->prepare('SELECT r.*, u.f...')
#1 /Applications/XAMPP/xamppfiles/htdocs/Club_Portfolio/api/admin_events.php(119): db_select('SELECT r.*, u.f...', Array)
#2 {main}
  thrown in /Applications/XAMPP/xamppfiles/htdocs/Club_Portfolio/api/db_config.php on line 65
[09-Jun-2026 08:49:20 Europe/Berlin] PHP Fatal error:  Uncaught mysqli_sql_exception: Unknown column 'r.user_id' in 'on clause' in /Applications/XAMPP/xamppfiles/htdocs/Club_Portfolio/api/db_config.php:65
Stack trace:
#0 /Applications/XAMPP/xamppfiles/htdocs/Club_Portfolio/api/db_config.php(65): mysqli->prepare('SELECT r.*, u.f...')
#1 /Applications/XAMPP/xamppfiles/htdocs/Club_Portfolio/api/admin_events.php(119): db_select('SELECT r.*, u.f...', Array)
#2 {main}
  thrown in /Applications/XAMPP/xamppfiles/htdocs/Club_Portfolio/api/db_config.php on line 65
[09-Jun-2026 08:49:24 Europe/Berlin] PHP Fatal error:  Uncaught mysqli_sql_exception: Unknown column 'r.user_id' in 'on clause' in /Applications/XAMPP/xamppfiles/htdocs/Club_Portfolio/api/db_config.php:65
Stack trace:
#0 /Applications/XAMPP/xamppfiles/htdocs/Club_Portfolio/api/db_config.php(65): mysqli->prepare('SELECT r.*, u.f...')
#1 /Applications/XAMPP/xamppfiles/htdocs/Club_Portfolio/api/admin_events.php(119): db_select('SELECT r.*, u.f...', Array)
#2 {main}
  thrown in /Applications/XAMPP/xamppfiles/htdocs/Club_Portfolio/api/db_config.php on line 65
[09-Jun-2026 08:49:26 Europe/Berlin] PHP Fatal error:  Uncaught mysqli_sql_exception: Unknown column 'r.user_id' in 'on clause' in /Applications/XAMPP/xamppfiles/htdocs/Club_Portfolio/api/db_config.php:65
Stack trace:
#0 /Applications/XAMPP/xamppfiles/htdocs/Club_Portfolio/api/db_config.php(65): mysqli->prepare('SELECT r.*, u.f...')
#1 /Applications/XAMPP/xamppfiles/htdocs/Club_Portfolio/api/admin_events.php(119): db_select('SELECT r.*, u.f...', Array)
#2 {main}
  thrown in /Applications/XAMPP/xamppfiles/htdocs/Club_Portfolio/api/db_config.php on line 65
[09-Jun-2026 08:49:32 Europe/Berlin] PHP Fatal error:  Uncaught mysqli_sql_exception: Unknown column 'r.user_id' in 'on clause' in /Applications/XAMPP/xamppfiles/htdocs/Club_Portfolio/api/db_config.php:65
Stack trace:
#0 /Applications/XAMPP/xamppfiles/htdocs/Club_Portfolio/api/db_config.php(65): mysqli->prepare('SELECT r.*, u.f...')
#1 /Applications/XAMPP/xamppfiles/htdocs/Club_Portfolio/api/admin_events.php(119): db_select('SELECT r.*, u.f...', Array)
#2 {main}
  thrown in /Applications/XAMPP/xamppfiles/htdocs/Club_Portfolio/api/db_config.php on line 65
[09-Jun-2026 08:49:36 Europe/Berlin] PHP Fatal error:  Uncaught mysqli_sql_exception: Unknown column 'r.user_id' in 'on clause' in /Applications/XAMPP/xamppfiles/htdocs/Club_Portfolio/api/db_config.php:65
Stack trace:
#0 /Applications/XAMPP/xamppfiles/htdocs/Club_Portfolio/api/db_config.php(65): mysqli->prepare('SELECT r.*, u.f...')
#1 /Applications/XAMPP/xamppfiles/htdocs/Club_Portfolio/api/admin_events.php(119): db_select('SELECT r.*, u.f...', Array)
#2 {main}
  thrown in /Applications/XAMPP/xamppfiles/htdocs/Club_Portfolio/api/db_config.php on line 65
[09-Jun-2026 08:49:51 Europe/Berlin] PHP Fatal error:  Uncaught mysqli_sql_exception: Unknown column 'r.user_id' in 'on clause' in /Applications/XAMPP/xamppfiles/htdocs/Club_Portfolio/api/db_config.php:65
Stack trace:
#0 /Applications/XAMPP/xamppfiles/htdocs/Club_Portfolio/api/db_config.php(65): mysqli->prepare('SELECT r.*, u.f...')
#1 /Applications/XAMPP/xamppfiles/htdocs/Club_Portfolio/api/admin_events.php(119): db_select('SELECT r.*, u.f...', Array)
#2 {main}
  thrown in /Applications/XAMPP/xamppfiles/htdocs/Club_Portfolio/api/db_config.php on line 65
[09-Jun-2026 08:52:25 Europe/Berlin] PHP Fatal error:  Uncaught mysqli_sql_exception: Unknown column 'r.user_id' in 'on clause' in /Applications/XAMPP/xamppfiles/htdocs/Club_Portfolio/api/db_config.php:65
Stack trace:
#0 /Applications/XAMPP/xamppfiles/htdocs/Club_Portfolio/api/db_config.php(65): mysqli->prepare('SELECT r.*, u.f...')
#1 /Applications/XAMPP/xamppfiles/htdocs/Club_Portfolio/api/admin_events.php(119): db_select('SELECT r.*, u.f...', Array)
#2 {main}
  thrown in /Applications/XAMPP/xamppfiles/htdocs/Club_Portfolio/api/db_config.php on line 65
[09-Jun-2026 08:52:28 Europe/Berlin] PHP Fatal error:  Uncaught mysqli_sql_exception: Unknown column 'r.user_id' in 'on clause' in /Applications/XAMPP/xamppfiles/htdocs/Club_Portfolio/api/db_config.php:65
Stack trace:
#0 /Applications/XAMPP/xamppfiles/htdocs/Club_Portfolio/api/db_config.php(65): mysqli->prepare('SELECT r.*, u.f...')
#1 /Applications/XAMPP/xamppfiles/htdocs/Club_Portfolio/api/admin_events.php(119): db_select('SELECT r.*, u.f...', Array)
#2 {main}
  thrown in /Applications/XAMPP/xamppfiles/htdocs/Club_Portfolio/api/db_config.php on line 65
[09-Jun-2026 08:52:29 Europe/Berlin] PHP Fatal error:  Uncaught mysqli_sql_exception: Unknown column 'r.user_id' in 'on clause' in /Applications/XAMPP/xamppfiles/htdocs/Club_Portfolio/api/db_config.php:65
Stack trace:
#0 /Applications/XAMPP/xamppfiles/htdocs/Club_Portfolio/api/db_config.php(65): mysqli->prepare('SELECT r.*, u.f...')
#1 /Applications/XAMPP/xamppfiles/htdocs/Club_Portfolio/api/admin_events.php(119): db_select('SELECT r.*, u.f...', Array)
#2 {main}
  thrown in /Applications/XAMPP/xamppfiles/htdocs/Club_Portfolio/api/db_config.php on line 65
[09-Jun-2026 08:52:29 Europe/Berlin] PHP Fatal error:  Uncaught mysqli_sql_exception: Unknown column 'r.user_id' in 'on clause' in /Applications/XAMPP/xamppfiles/htdocs/Club_Portfolio/api/db_config.php:65
Stack trace:
#0 /Applications/XAMPP/xamppfiles/htdocs/Club_Portfolio/api/db_config.php(65): mysqli->prepare('SELECT r.*, u.f...')
#1 /Applications/XAMPP/xamppfiles/htdocs/Club_Portfolio/api/admin_events.php(119): db_select('SELECT r.*, u.f...', Array)
#2 {main}
  thrown in /Applications/XAMPP/xamppfiles/htdocs/Club_Portfolio/api/db_config.php on line 65
[09-Jun-2026 08:52:30 Europe/Berlin] PHP Fatal error:  Uncaught mysqli_sql_exception: Unknown column 'r.user_id' in 'on clause' in /Applications/XAMPP/xamppfiles/htdocs/Club_Portfolio/api/db_config.php:65
Stack trace:
#0 /Applications/XAMPP/xamppfiles/htdocs/Club_Portfolio/api/db_config.php(65): mysqli->prepare('SELECT r.*, u.f...')
#1 /Applications/XAMPP/xamppfiles/htdocs/Club_Portfolio/api/admin_events.php(119): db_select('SELECT r.*, u.f...', Array)
#2 {main}
  thrown in /Applications/XAMPP/xamppfiles/htdocs/Club_Portfolio/api/db_config.php on line 65
[09-Jun-2026 08:52:34 Europe/Berlin] PHP Fatal error:  Uncaught mysqli_sql_exception: Unknown column 'r.user_id' in 'on clause' in /Applications/XAMPP/xamppfiles/htdocs/Club_Portfolio/api/db_config.php:65
Stack trace:
#0 /Applications/XAMPP/xamppfiles/htdocs/Club_Portfolio/api/db_config.php(65): mysqli->prepare('SELECT r.*, u.f...')
#1 /Applications/XAMPP/xamppfiles/htdocs/Club_Portfolio/api/admin_events.php(119): db_select('SELECT r.*, u.f...', Array)
#2 {main}
  thrown in /Applications/XAMPP/xamppfiles/htdocs/Club_Portfolio/api/db_config.php on line 65
[09-Jun-2026 08:52:34 Europe/Berlin] PHP Fatal error:  Uncaught mysqli_sql_exception: Unknown column 'r.user_id' in 'on clause' in /Applications/XAMPP/xamppfiles/htdocs/Club_Portfolio/api/db_config.php:65
Stack trace:
#0 /Applications/XAMPP/xamppfiles/htdocs/Club_Portfolio/api/db_config.php(65): mysqli->prepare('SELECT r.*, u.f...')
#1 /Applications/XAMPP/xamppfiles/htdocs/Club_Portfolio/api/admin_events.php(119): db_select('SELECT r.*, u.f...', Array)
#2 {main}
  thrown in /Applications/XAMPP/xamppfiles/htdocs/Club_Portfolio/api/db_config.php on line 65
[09-Jun-2026 08:55:43 Europe/Berlin] PHP Fatal error:  Uncaught mysqli_sql_exception: Unknown column 'r.user_id' in 'on clause' in /Applications/XAMPP/xamppfiles/htdocs/Club_Portfolio/api/db_config.php:65
Stack trace:
#0 /Applications/XAMPP/xamppfiles/htdocs/Club_Portfolio/api/db_config.php(65): mysqli->prepare('SELECT r.*, u.f...')
#1 /Applications/XAMPP/xamppfiles/htdocs/Club_Portfolio/api/admin_events.php(119): db_select('SELECT r.*, u.f...', Array)
#2 {main}
  thrown in /Applications/XAMPP/xamppfiles/htdocs/Club_Portfolio/api/db_config.php on line 65
[09-Jun-2026 08:55:43 Europe/Berlin] PHP Fatal error:  Uncaught mysqli_sql_exception: Unknown column 'r.user_id' in 'on clause' in /Applications/XAMPP/xamppfiles/htdocs/Club_Portfolio/api/db_config.php:65
Stack trace:
#0 /Applications/XAMPP/xamppfiles/htdocs/Club_Portfolio/api/db_config.php(65): mysqli->prepare('SELECT r.*, u.f...')
#1 /Applications/XAMPP/xamppfiles/htdocs/Club_Portfolio/api/admin_events.php(119): db_select('SELECT r.*, u.f...', Array)
#2 {main}
  thrown in /Applications/XAMPP/xamppfiles/htdocs/Club_Portfolio/api/db_config.php on line 65
[09-Jun-2026 08:55:54 Europe/Berlin] PHP Fatal error:  Uncaught mysqli_sql_exception: Unknown column 'r.user_id' in 'on clause' in /Applications/XAMPP/xamppfiles/htdocs/Club_Portfolio/api/db_config.php:65
Stack trace:
#0 /Applications/XAMPP/xamppfiles/htdocs/Club_Portfolio/api/db_config.php(65): mysqli->prepare('SELECT r.*, u.f...')
#1 /Applications/XAMPP/xamppfiles/htdocs/Club_Portfolio/api/admin_events.php(119): db_select('SELECT r.*, u.f...', Array)
#2 {main}
  thrown in /Applications/XAMPP/xamppfiles/htdocs/Club_Portfolio/api/db_config.php on line 65
[09-Jun-2026 08:55:55 Europe/Berlin] PHP Fatal error:  Uncaught mysqli_sql_exception: Unknown column 'r.user_id' in 'on clause' in /Applications/XAMPP/xamppfiles/htdocs/Club_Portfolio/api/db_config.php:65
Stack trace:
#0 /Applications/XAMPP/xamppfiles/htdocs/Club_Portfolio/api/db_config.php(65): mysqli->prepare('SELECT r.*, u.f...')
#1 /Applications/XAMPP/xamppfiles/htdocs/Club_Portfolio/api/admin_events.php(119): db_select('SELECT r.*, u.f...', Array)
#2 {main}
  thrown in /Applications/XAMPP/xamppfiles/htdocs/Club_Portfolio/api/db_config.php on line 65
[09-Jun-2026 08:55:56 Europe/Berlin] PHP Fatal error:  Uncaught mysqli_sql_exception: Unknown column 'r.user_id' in 'on clause' in /Applications/XAMPP/xamppfiles/htdocs/Club_Portfolio/api/db_config.php:65
Stack trace:
#0 /Applications/XAMPP/xamppfiles/htdocs/Club_Portfolio/api/db_config.php(65): mysqli->prepare('SELECT r.*, u.f...')
#1 /Applications/XAMPP/xamppfiles/htdocs/Club_Portfolio/api/admin_events.php(119): db_select('SELECT r.*, u.f...', Array)
#2 {main}
  thrown in /Applications/XAMPP/xamppfiles/htdocs/Club_Portfolio/api/db_config.php on line 65
[09-Jun-2026 08:55:57 Europe/Berlin] PHP Fatal error:  Uncaught mysqli_sql_exception: Unknown column 'r.user_id' in 'on clause' in /Applications/XAMPP/xamppfiles/htdocs/Club_Portfolio/api/db_config.php:65
Stack trace:
#0 /Applications/XAMPP/xamppfiles/htdocs/Club_Portfolio/api/db_config.php(65): mysqli->prepare('SELECT r.*, u.f...')
#1 /Applications/XAMPP/xamppfiles/htdocs/Club_Portfolio/api/admin_events.php(119): db_select('SELECT r.*, u.f...', Array)
#2 {main}
  thrown in /Applications/XAMPP/xamppfiles/htdocs/Club_Portfolio/api/db_config.php on line 65
[09-Jun-2026 08:55:59 Europe/Berlin] PHP Fatal error:  Uncaught mysqli_sql_exception: Unknown column 'r.user_id' in 'on clause' in /Applications/XAMPP/xamppfiles/htdocs/Club_Portfolio/api/db_config.php:65
Stack trace:
#0 /Applications/XAMPP/xamppfiles/htdocs/Club_Portfolio/api/db_config.php(65): mysqli->prepare('SELECT r.*, u.f...')
#1 /Applications/XAMPP/xamppfiles/htdocs/Club_Portfolio/api/admin_events.php(119): db_select('SELECT r.*, u.f...', Array)
#2 {main}
  thrown in /Applications/XAMPP/xamppfiles/htdocs/Club_Portfolio/api/db_config.php on line 65
[09-Jun-2026 08:56:00 Europe/Berlin] PHP Fatal error:  Uncaught mysqli_sql_exception: Unknown column 'r.user_id' in 'on clause' in /Applications/XAMPP/xamppfiles/htdocs/Club_Portfolio/api/db_config.php:65
Stack trace:
#0 /Applications/XAMPP/xamppfiles/htdocs/Club_Portfolio/api/db_config.php(65): mysqli->prepare('SELECT r.*, u.f...')
#1 /Applications/XAMPP/xamppfiles/htdocs/Club_Portfolio/api/admin_events.php(119): db_select('SELECT r.*, u.f...', Array)
#2 {main}
  thrown in /Applications/XAMPP/xamppfiles/htdocs/Club_Portfolio/api/db_config.php on line 65
[09-Jun-2026 08:56:01 Europe/Berlin] PHP Fatal error:  Uncaught mysqli_sql_exception: Unknown column 'r.user_id' in 'on clause' in /Applications/XAMPP/xamppfiles/htdocs/Club_Portfolio/api/db_config.php:65
Stack trace:
#0 /Applications/XAMPP/xamppfiles/htdocs/Club_Portfolio/api/db_config.php(65): mysqli->prepare('SELECT r.*, u.f...')
#1 /Applications/XAMPP/xamppfiles/htdocs/Club_Portfolio/api/admin_events.php(119): db_select('SELECT r.*, u.f...', Array)
#2 {main}
  thrown in /Applications/XAMPP/xamppfiles/htdocs/Club_Portfolio/api/db_config.php on line 65
[09-Jun-2026 08:56:01 Europe/Berlin] PHP Fatal error:  Uncaught mysqli_sql_exception: Unknown column 'r.user_id' in 'on clause' in /Applications/XAMPP/xamppfiles/htdocs/Club_Portfolio/api/db_config.php:65
Stack trace:
#0 /Applications/XAMPP/xamppfiles/htdocs/Club_Portfolio/api/db_config.php(65): mysqli->prepare('SELECT r.*, u.f...')
#1 /Applications/XAMPP/xamppfiles/htdocs/Club_Portfolio/api/admin_events.php(119): db_select('SELECT r.*, u.f...', Array)
#2 {main}
  thrown in /Applications/XAMPP/xamppfiles/htdocs/Club_Portfolio/api/db_config.php on line 65
[09-Jun-2026 08:56:14 Europe/Berlin] PHP Fatal error:  Uncaught mysqli_sql_exception: Unknown column 'r.user_id' in 'on clause' in /Applications/XAMPP/xamppfiles/htdocs/Club_Portfolio/api/db_config.php:65
Stack trace:
#0 /Applications/XAMPP/xamppfiles/htdocs/Club_Portfolio/api/db_config.php(65): mysqli->prepare('SELECT r.*, u.f...')
#1 /Applications/XAMPP/xamppfiles/htdocs/Club_Portfolio/api/admin_events.php(119): db_select('SELECT r.*, u.f...', Array)
#2 {main}
  thrown in /Applications/XAMPP/xamppfiles/htdocs/Club_Portfolio/api/db_config.php on line 65
[09-Jun-2026 08:56:14 Europe/Berlin] PHP Fatal error:  Uncaught mysqli_sql_exception: Unknown column 'r.user_id' in 'on clause' in /Applications/XAMPP/xamppfiles/htdocs/Club_Portfolio/api/db_config.php:65
Stack trace:
#0 /Applications/XAMPP/xamppfiles/htdocs/Club_Portfolio/api/db_config.php(65): mysqli->prepare('SELECT r.*, u.f...')
#1 /Applications/XAMPP/xamppfiles/htdocs/Club_Portfolio/api/admin_events.php(119): db_select('SELECT r.*, u.f...', Array)
#2 {main}
  thrown in /Applications/XAMPP/xamppfiles/htdocs/Club_Portfolio/api/db_config.php on line 65
[09-Jun-2026 08:56:15 Europe/Berlin] PHP Fatal error:  Uncaught mysqli_sql_exception: Unknown column 'r.user_id' in 'on clause' in /Applications/XAMPP/xamppfiles/htdocs/Club_Portfolio/api/db_config.php:65
Stack trace:
#0 /Applications/XAMPP/xamppfiles/htdocs/Club_Portfolio/api/db_config.php(65): mysqli->prepare('SELECT r.*, u.f...')
#1 /Applications/XAMPP/xamppfiles/htdocs/Club_Portfolio/api/admin_events.php(119): db_select('SELECT r.*, u.f...', Array)
#2 {main}
  thrown in /Applications/XAMPP/xamppfiles/htdocs/Club_Portfolio/api/db_config.php on line 65
[09-Jun-2026 08:56:15 Europe/Berlin] PHP Fatal error:  Uncaught mysqli_sql_exception: Unknown column 'r.user_id' in 'on clause' in /Applications/XAMPP/xamppfiles/htdocs/Club_Portfolio/api/db_config.php:65
Stack trace:
#0 /Applications/XAMPP/xamppfiles/htdocs/Club_Portfolio/api/db_config.php(65): mysqli->prepare('SELECT r.*, u.f...')
#1 /Applications/XAMPP/xamppfiles/htdocs/Club_Portfolio/api/admin_events.php(119): db_select('SELECT r.*, u.f...', Array)
#2 {main}
  thrown in /Applications/XAMPP/xamppfiles/htdocs/Club_Portfolio/api/db_config.php on line 65
[09-Jun-2026 08:56:16 Europe/Berlin] PHP Fatal error:  Uncaught mysqli_sql_exception: Unknown column 'r.user_id' in 'on clause' in /Applications/XAMPP/xamppfiles/htdocs/Club_Portfolio/api/db_config.php:65
Stack trace:
#0 /Applications/XAMPP/xamppfiles/htdocs/Club_Portfolio/api/db_config.php(65): mysqli->prepare('SELECT r.*, u.f...')
#1 /Applications/XAMPP/xamppfiles/htdocs/Club_Portfolio/api/admin_events.php(119): db_select('SELECT r.*, u.f...', Array)
#2 {main}
  thrown in /Applications/XAMPP/xamppfiles/htdocs/Club_Portfolio/api/db_config.php on line 65
[09-Jun-2026 08:56:17 Europe/Berlin] PHP Fatal error:  Uncaught mysqli_sql_exception: Unknown column 'r.user_id' in 'on clause' in /Applications/XAMPP/xamppfiles/htdocs/Club_Portfolio/api/db_config.php:65
Stack trace:
#0 /Applications/XAMPP/xamppfiles/htdocs/Club_Portfolio/api/db_config.php(65): mysqli->prepare('SELECT r.*, u.f...')
#1 /Applications/XAMPP/xamppfiles/htdocs/Club_Portfolio/api/admin_events.php(119): db_select('SELECT r.*, u.f...', Array)
#2 {main}
  thrown in /Applications/XAMPP/xamppfiles/htdocs/Club_Portfolio/api/db_config.php on line 65
[09-Jun-2026 08:56:17 Europe/Berlin] PHP Fatal error:  Uncaught mysqli_sql_exception: Unknown column 'r.user_id' in 'on clause' in /Applications/XAMPP/xamppfiles/htdocs/Club_Portfolio/api/db_config.php:65
Stack trace:
#0 /Applications/XAMPP/xamppfiles/htdocs/Club_Portfolio/api/db_config.php(65): mysqli->prepare('SELECT r.*, u.f...')
#1 /Applications/XAMPP/xamppfiles/htdocs/Club_Portfolio/api/admin_events.php(119): db_select('SELECT r.*, u.f...', Array)
#2 {main}
  thrown in /Applications/XAMPP/xamppfiles/htdocs/Club_Portfolio/api/db_config.php on line 65
[09-Jun-2026 08:56:18 Europe/Berlin] PHP Fatal error:  Uncaught mysqli_sql_exception: Unknown column 'r.user_id' in 'on clause' in /Applications/XAMPP/xamppfiles/htdocs/Club_Portfolio/api/db_config.php:65
Stack trace:
#0 /Applications/XAMPP/xamppfiles/htdocs/Club_Portfolio/api/db_config.php(65): mysqli->prepare('SELECT r.*, u.f...')
#1 /Applications/XAMPP/xamppfiles/htdocs/Club_Portfolio/api/admin_events.php(119): db_select('SELECT r.*, u.f...', Array)
#2 {main}
  thrown in /Applications/XAMPP/xamppfiles/htdocs/Club_Portfolio/api/db_config.php on line 65
[09-Jun-2026 08:56:18 Europe/Berlin] PHP Fatal error:  Uncaught mysqli_sql_exception: Unknown column 'r.user_id' in 'on clause' in /Applications/XAMPP/xamppfiles/htdocs/Club_Portfolio/api/db_config.php:65
Stack trace:
#0 /Applications/XAMPP/xamppfiles/htdocs/Club_Portfolio/api/db_config.php(65): mysqli->prepare('SELECT r.*, u.f...')
#1 /Applications/XAMPP/xamppfiles/htdocs/Club_Portfolio/api/admin_events.php(119): db_select('SELECT r.*, u.f...', Array)
#2 {main}
  thrown in /Applications/XAMPP/xamppfiles/htdocs/Club_Portfolio/api/db_config.php on line 65
[09-Jun-2026 08:56:19 Europe/Berlin] PHP Fatal error:  Uncaught mysqli_sql_exception: Unknown column 'r.user_id' in 'on clause' in /Applications/XAMPP/xamppfiles/htdocs/Club_Portfolio/api/db_config.php:65
Stack trace:
#0 /Applications/XAMPP/xamppfiles/htdocs/Club_Portfolio/api/db_config.php(65): mysqli->prepare('SELECT r.*, u.f...')
#1 /Applications/XAMPP/xamppfiles/htdocs/Club_Portfolio/api/admin_events.php(119): db_select('SELECT r.*, u.f...', Array)
#2 {main}
  thrown in /Applications/XAMPP/xamppfiles/htdocs/Club_Portfolio/api/db_config.php on line 65
[09-Jun-2026 08:56:20 Europe/Berlin] PHP Fatal error:  Uncaught mysqli_sql_exception: Unknown column 'r.user_id' in 'on clause' in /Applications/XAMPP/xamppfiles/htdocs/Club_Portfolio/api/db_config.php:65
Stack trace:
#0 /Applications/XAMPP/xamppfiles/htdocs/Club_Portfolio/api/db_config.php(65): mysqli->prepare('SELECT r.*, u.f...')
#1 /Applications/XAMPP/xamppfiles/htdocs/Club_Portfolio/api/admin_events.php(119): db_select('SELECT r.*, u.f...', Array)
#2 {main}
  thrown in /Applications/XAMPP/xamppfiles/htdocs/Club_Portfolio/api/db_config.php on line 65
[09-Jun-2026 08:56:21 Europe/Berlin] PHP Fatal error:  Uncaught mysqli_sql_exception: Unknown column 'r.user_id' in 'on clause' in /Applications/XAMPP/xamppfiles/htdocs/Club_Portfolio/api/db_config.php:65
Stack trace:
#0 /Applications/XAMPP/xamppfiles/htdocs/Club_Portfolio/api/db_config.php(65): mysqli->prepare('SELECT r.*, u.f...')
#1 /Applications/XAMPP/xamppfiles/htdocs/Club_Portfolio/api/admin_events.php(119): db_select('SELECT r.*, u.f...', Array)
#2 {main}
  thrown in /Applications/XAMPP/xamppfiles/htdocs/Club_Portfolio/api/db_config.php on line 65
[09-Jun-2026 08:56:21 Europe/Berlin] PHP Fatal error:  Uncaught mysqli_sql_exception: Unknown column 'r.user_id' in 'on clause' in /Applications/XAMPP/xamppfiles/htdocs/Club_Portfolio/api/db_config.php:65
Stack trace:
#0 /Applications/XAMPP/xamppfiles/htdocs/Club_Portfolio/api/db_config.php(65): mysqli->prepare('SELECT r.*, u.f...')
#1 /Applications/XAMPP/xamppfiles/htdocs/Club_Portfolio/api/admin_events.php(119): db_select('SELECT r.*, u.f...', Array)
#2 {main}
  thrown in /Applications/XAMPP/xamppfiles/htdocs/Club_Portfolio/api/db_config.php on line 65
[09-Jun-2026 08:56:22 Europe/Berlin] PHP Fatal error:  Uncaught mysqli_sql_exception: Unknown column 'r.user_id' in 'on clause' in /Applications/XAMPP/xamppfiles/htdocs/Club_Portfolio/api/db_config.php:65
Stack trace:
#0 /Applications/XAMPP/xamppfiles/htdocs/Club_Portfolio/api/db_config.php(65): mysqli->prepare('SELECT r.*, u.f...')
#1 /Applications/XAMPP/xamppfiles/htdocs/Club_Portfolio/api/admin_events.php(119): db_select('SELECT r.*, u.f...', Array)
#2 {main}
  thrown in /Applications/XAMPP/xamppfiles/htdocs/Club_Portfolio/api/db_config.php on line 65
[09-Jun-2026 08:56:22 Europe/Berlin] PHP Fatal error:  Uncaught mysqli_sql_exception: Unknown column 'r.user_id' in 'on clause' in /Applications/XAMPP/xamppfiles/htdocs/Club_Portfolio/api/db_config.php:65
Stack trace:
#0 /Applications/XAMPP/xamppfiles/htdocs/Club_Portfolio/api/db_config.php(65): mysqli->prepare('SELECT r.*, u.f...')
#1 /Applications/XAMPP/xamppfiles/htdocs/Club_Portfolio/api/admin_events.php(119): db_select('SELECT r.*, u.f...', Array)
#2 {main}
  thrown in /Applications/XAMPP/xamppfiles/htdocs/Club_Portfolio/api/db_config.php on line 65
[09-Jun-2026 08:56:22 Europe/Berlin] PHP Fatal error:  Uncaught mysqli_sql_exception: Unknown column 'r.user_id' in 'on clause' in /Applications/XAMPP/xamppfiles/htdocs/Club_Portfolio/api/db_config.php:65
Stack trace:
#0 /Applications/XAMPP/xamppfiles/htdocs/Club_Portfolio/api/db_config.php(65): mysqli->prepare('SELECT r.*, u.f...')
#1 /Applications/XAMPP/xamppfiles/htdocs/Club_Portfolio/api/admin_events.php(119): db_select('SELECT r.*, u.f...', Array)
#2 {main}
  thrown in /Applications/XAMPP/xamppfiles/htdocs/Club_Portfolio/api/db_config.php on line 65
[09-Jun-2026 08:56:23 Europe/Berlin] PHP Fatal error:  Uncaught mysqli_sql_exception: Unknown column 'r.user_id' in 'on clause' in /Applications/XAMPP/xamppfiles/htdocs/Club_Portfolio/api/db_config.php:65
Stack trace:
#0 /Applications/XAMPP/xamppfiles/htdocs/Club_Portfolio/api/db_config.php(65): mysqli->prepare('SELECT r.*, u.f...')
#1 /Applications/XAMPP/xamppfiles/htdocs/Club_Portfolio/api/admin_events.php(119): db_select('SELECT r.*, u.f...', Array)
#2 {main}
  thrown in /Applications/XAMPP/xamppfiles/htdocs/Club_Portfolio/api/db_config.php on line 65
[09-Jun-2026 08:57:08 Europe/Berlin] PHP Fatal error:  Uncaught mysqli_sql_exception: Unknown column 'r.user_id' in 'on clause' in /Applications/XAMPP/xamppfiles/htdocs/Club_Portfolio/api/db_config.php:65
Stack trace:
#0 /Applications/XAMPP/xamppfiles/htdocs/Club_Portfolio/api/db_config.php(65): mysqli->prepare('SELECT r.*, u.f...')
#1 /Applications/XAMPP/xamppfiles/htdocs/Club_Portfolio/api/admin_events.php(119): db_select('SELECT r.*, u.f...', Array)
#2 {main}
  thrown in /Applications/XAMPP/xamppfiles/htdocs/Club_Portfolio/api/db_config.php on line 65
[09-Jun-2026 08:57:16 Europe/Berlin] PHP Fatal error:  Uncaught mysqli_sql_exception: Unknown column 'r.user_id' in 'on clause' in /Applications/XAMPP/xamppfiles/htdocs/Club_Portfolio/api/db_config.php:65
Stack trace:
#0 /Applications/XAMPP/xamppfiles/htdocs/Club_Portfolio/api/db_config.php(65): mysqli->prepare('SELECT r.*, u.f...')
#1 /Applications/XAMPP/xamppfiles/htdocs/Club_Portfolio/api/admin_events.php(119): db_select('SELECT r.*, u.f...', Array)
#2 {main}
  thrown in /Applications/XAMPP/xamppfiles/htdocs/Club_Portfolio/api/db_config.php on line 65
[2026-06-09 10:01:24] Registration attempt with data: {"event_id":11,"name":"Sadia Akter","email":"sadia@gmail.com","phone":"01836394563","address":"123 Park Street","institute":"Dhaka University","gender":"Female","academic_year":"2nd","experience":"Intermediate"}
[2026-06-09 10:01:24] Registration: Processing event_id=11
[2026-06-09 10:01:24] Registration: Event found - Admin Dashboard Test Event (registered: 0/75)
[2026-06-09 10:01:24] Registration: Creating registration record - email=sadia@gmail.com
[2026-06-09 10:01:24] Registration: Successfully registered with id=3
[2026-06-11 08:00:25] Registration attempt with data: {"event_id":15,"name":"Sumaiya Afrin Eva","email":"afrineva013@gmail.com","phone":"23456789","address":"sdfghjk","institute":"zxcvbnm","gender":"Female","academic_year":"3rd","experience":"Beginner"}
[2026-06-11 08:00:25] Registration: Processing event_id=15
[2026-06-11 08:00:25] Registration: Event found - Editing Workshop (registered: 0/30)
[2026-06-11 08:00:25] Registration: Creating registration record - email=afrineva013@gmail.com
[2026-06-11 08:00:25] Registration: Successfully registered with id=4
[2026-06-11 08:47:06] Registration attempt with data: {"event_id":14,"name":"Ayesha Siddiqa","email":"ayesha@gmail.com","phone":"01983648462","address":"123 Indira Road, Dhaka","institute":"Rajshahi University","gender":"Female","academic_year":"4th","experience":"Professional"}
[2026-06-11 08:47:06] Registration: Processing event_id=14
[2026-06-11 08:47:06] Registration: Event found - Photo Walk (registered: 0/20)
[2026-06-11 08:47:06] Registration: Creating registration record - email=ayesha@gmail.com
[2026-06-11 08:47:06] Registration: Successfully registered with id=5
[2026-06-11 08:50:21] Comment attempt with data: {"event_id":14,"name":"Promi","email":null,"comment":"Best of luck to all of you. \ud83e\udd73"}
[2026-06-11 08:50:21] Comment: Processing for event - Photo Walk
[2026-06-11 08:50:21] Comment: Creating comment for name=Promi, event_id=14
[2026-06-11 08:50:21] Comment: Success - comment_id=8
[2026-06-11 12:07:05] Registration attempt with data: {"event_id":14,"name":"Jane Smith","email":"jane.smith@example.com","phone":"01987654321","address":"456 Oak Avenue, Dhaka","institute":"BUET","gender":"Male","academic_year":"3rd","experience":"Advanced"}
[2026-06-11 12:07:05] Registration: Processing event_id=14
[2026-06-11 12:07:05] Registration: Event found - Photo Walk (registered: 2/20)
[2026-06-11 12:07:05] Registration: Creating registration record - email=jane.smith@example.com
[2026-06-11 12:07:05] Registration: Successfully registered with id=7
[2026-06-11 12:09:09] Registration attempt with data: {"event_id":14,"name":"Sadat Hossain","email":"sadat@gmail.com","phone":"01973547635","address":"123 Ozure Avenue, Dhaka","institute":"KU","gender":"Male","academic_year":"3rd","experience":"Advanced"}
[2026-06-11 12:09:09] Registration: Processing event_id=14
[2026-06-11 12:09:09] Registration: Event found - Photo Walk (registered: 3/20)
[2026-06-11 12:09:09] Registration: Creating registration record - email=sadat@gmail.com
[2026-06-11 12:09:09] Registration: Successfully registered with id=8
[2026-06-11 12:09:44] Comment attempt with data: {"event_id":14,"name":"Urmi","email":null,"comment":"Amazing"}
[2026-06-11 12:09:44] Comment: Processing for event - Photo Walk
[2026-06-11 12:09:44] Comment: Creating comment for name=Urmi, event_id=14
[2026-06-11 12:09:44] Comment: Success - comment_id=10
[11-Jun-2026 12:13:22 Europe/Berlin] Contact submission saved - ID: 8, Name: Nafisa Akter, Email: nafisa@gmail.com
[11-Jun-2026 12:14:53 Europe/Berlin] Contact submission saved - ID: 9, Name: Nafisa Akter, Email: nafisa013@gmail.com
[11-Jun-2026 10:20:49 UTC] PHP Warning:  Undefined variable $pdo in Command line code on line 1
[11-Jun-2026 10:20:49 UTC] PHP Fatal error:  Uncaught Error: Call to a member function query() on null in Command line code:1
Stack trace:
#0 {main}
  thrown in Command line code on line 1
